name,init,HP,AC
Aarakocra (MM'14),+2,3d8,12
Aarakocra Aeromancer (MM'25),+3,12d8+12,16
Aarakocra Simulacrum (SKT),+2,3d4,12
Aarakocra Skirmisher (MM'25),+2,2d8+2,12
Aarakocra Spelljammer (LoX),+2,9d8,12 or 15
Aartuk Elder (BAM),+0,10d10+20,16
Aartuk Starhorror (BAM),+0,8d8+16,14
Aartuk Weedling (BAM),+1,7d8+7,15
Aberrant Cultist (MM'25),+7,25d8+25,14
Aberrant Death's Head (RHW),+1,7d4+7,16
Aberrant Spirit (PHB'24),+0,(manual),11 (+)
Aberrant Spirit (TCE),+0,(manual),11 (+)
Aberrant Zealot (PaBTSO),+4,17d8+17,16
Aberrant Zealot (Tentacled) (PaBTSO),+4,17d8+17,16
Abhorrent Overlord (MOT),+4,16d10+48,16
Abjurer (VGM),+2,13d8+26,12 or 15
Abjurer Wizard (MPMM),+2,16d8+32,12 or 15
Aboleth (MM'14),-1,18d10+36,17
Aboleth (MM'25),+7,20d10+40,17
Aboleth Spawn (CRCotN),+0,11d8+44,14
Abominable Yeti (MM'14),+0,11d12+66,15
Abominable Yeti (MM'25),+4,11d12+66,15
Abyssal Chicken (BGDIA),+2,3d4+3,13
Abyssal Wretch (MTF),+1,4d8,11
Acolyte (MM'14),+0,2d8,10
Adult Amethyst Dragon (FTD),+2,17d12+119,19
Adult Black Dragon (MM'14),+2,17d12+85,19
Adult Black Dragon (MM'25),+12,17d12+85,19
Adult Blue Dracolich (MM'14),+0,18d12+108,19
Adult Blue Dragon (MM'14),+0,18d12+108,19
Adult Blue Dragon (MM'25),+10,17d12+102,19
Adult Brass Dragon (MM'14),+0,15d12+75,18
Adult Brass Dragon (MM'25),+10,15d12+75,18
Adult Bronze Dragon (MM'14),+0,17d12+102,19
Adult Bronze Dragon (MM'25),+10,17d12+102,18
Adult Copper Dragon (MM'14),+1,16d12+80,18
Adult Copper Dragon (MM'25),+11,16d12+80,18
Adult Crystal Dragon (FTD),+1,15d12+75,16
Adult Deep Dragon (FRAiF),+2,17d12+51,17
Adult Deep Dragon (FTD),+10,14d12+56,17
Adult Emerald Dragon (FTD),+1,18d12+90,18
Adult Gold Dragon (MM'14),+2,19d12+133,19
Adult Gold Dragon (MM'25),+14,18d12+126,19
Adult Green Dragon (MM'14),+1,18d12+90,19
Adult Green Dragon (MM'25),+11,18d12+90,19
Adult Kruthik (MPMM),+3,6d8+12,18
Adult Kruthik (MTF),+3,6d8+12,18
Adult Lunar Dragon (BAM),+1,15d12+75,17
Adult Moonstone Dragon (FTD),+4,17d12+85,19
Adult Oblex (MPMM),+4,10d8+30,14
Adult Oblex (MTF),+4,10d8+30,14
Adult Red Dracolich (TCE),+0,19d12+133,19
Adult Red Dragon (MM'14),+0,19d12+133,19
Adult Red Dragon (MM'25),+12,19d12+133,19
Adult Sapphire Dragon (FTD),+2,18d12+108,18
Adult Silver Dragon (MM'14),+0,18d12+126,19
Adult Silver Dragon (MM'25),+10,16d12+112,19
Adult Solar Dragon (BAM),+2,16d12+96,17
Adult Spirit Dragon (FRAiF),+7,18d12+90,18
Adult Time Dragon (MPP),+2,20d12+120,19
Adult Topaz Dragon (FTD),+1,20d12+80,18
Adult White Dragon (MM'14),+0,16d12+96,18
Adult White Dragon (MM'25),+10,16d12+96,18
Advanced Detention Drone (BMT),-1,15d10+60,17
Aeorian Absorber (EGW),+4,18d10+72,15
Aeorian Nullifier (EGW),+2,19d10+76,17
Aeorian Reverser (EGW),+3,14d10+56,15
Aerosaur (BGG),+0,10d20+50,14
Air Elemental (MM'14),+5,12d10+24,15
Air Elemental (MM'25),+5,12d10+24,15
Air Elemental Myrmidon (MPMM),+2,18d8+36,18
Air Elemental Myrmidon (MTF),+2,18d8+36,18
Akroan Hoplite (MOT),+3,8d8+16,18
Albino Dwarf Spirit Warrior (ToA),+1,4d8+12,13
Albino Dwarf Warrior (ToA),+1,4d8+12,13
Aldani (Lobsterfolk) (ToA),-1,9d8+9,14
Alhoon (MPMM),+1,20d8+60,15
Alhoon (VGM),+1,16d8+48,15
Alkilith (MPMM),+4,16d8+96,17
Alkilith (MTF),+4,15d8+90,17
Allip (MPMM),+3,9d8,13
Allip (MTF),+3,9d8,13
Allosaurus (MM'14),+1,6d10+18,13
Allosaurus (MM'25),+1,6d10+18,13
Allowak Abominable Yeti (EGW),+0,11d12+66,15
Allowak Yeti (EGW),+1,6d10+18,12
Almiraj (ToA),+3,1d6,13
Alseid (MOT),+0,4d8+4,15
Altisaur (BGG),-2,12d20+72,15
Alyxian Aboleth (CRCotN),-1,18d10+36,17
Alyxian the Hunter (CRCotN),-1,17d10+85,17
Amber Golem (CoS),-1,17d10+85,17
Ambitious Assassin (BMT),+4,14d8+28,16
Ambush Drake (HotDQ),+2,4d6+8,13
Amethyst Dragon Wyrmling (FTD),+0,10d8+30,17
Amethyst Greatwyrm (FTD),+2,26d20+234,21
Amnizu (MPMM),+1,27d8+81,21
Amnizu (MTF),+1,27d8+81,21
Amphisbaena (GoS),+4,2d8+2,14
Amphisbaena (TftYP),+2,8d12+8,12
Anarch (GGR),+1,2d8+2,13
Anchorite of Talos (DIP),+1,9d8+18,13
Ancient Amethyst Dragon (FTD),+2,24d20+192,20
Ancient Black Dragon (MM'14),+2,21d20+147,22
Ancient Black Dragon (MM'25),+16,21d20+147,22
Ancient Blue Dragon (MM'14),+0,26d20+208,22
Ancient Blue Dragon (MM'25),+14,26d20+208,22
Ancient Brass Dragon (MM'14),+0,17d20+119,20
Ancient Brass Dragon (MM'25),+12,19d20+133,20
Ancient Bronze Dragon (MM'14),+0,24d20+192,22
Ancient Bronze Dragon (MM'25),+14,24d20+192,22
Ancient Copper Dragon (MM'14),+1,20d20+140,21
Ancient Copper Dragon (MM'25),+15,21d20+147,21
Ancient Crystal Dragon (FTD),+1,12d20+96,20
Ancient Deep Crow (AI),+3,15d12+90,18
Ancient Deep Dragon (FRAiF),+3,15d20+90,20
Ancient Deep Dragon (FTD),+15,13d20+65,20
Ancient Dragon Turtle (FTD),+1,21d20+189,22
Ancient Emerald Dragon (FTD),+1,19d20+133,20
Ancient Gold Dragon (MM'14),+2,28d20+252,22
Ancient Gold Dragon (MM'25),+16,28d20+252,22
Ancient Green Dragon (MM'14),+1,22d20+154,21
Ancient Green Dragon (MM'25),+15,23d20+161,21
Ancient Lunar Dragon (BAM),+1,17d20+119,18
Ancient Moonstone Dragon (FTD),+4,20d20+120,20
Ancient Red Dragon (MM'14),+0,28d20+252,22
Ancient Red Dragon (MM'25),+14,26d20+234,22
Ancient Sapphire Dragon (FTD),+2,20d20+160,20
Ancient Sea Serpent (FTD),+2,11d20+55,17
Ancient Silver Dragon (MM'14),+0,25d20+225,22
Ancient Silver Dragon (MM'25),+14,24d20+216,22
Ancient Solar Dragon (BAM),+2,23d20+184,18
Ancient Spirit Dragon (FRAiF),+9,24d20+168,21
Ancient Time Dragon (MPP),+2,29d20+232,22
Ancient Topaz Dragon (FTD),+1,17d20+102,20
Ancient White Dragon (MM'14),+0,18d20+144,20
Ancient White Dragon (MM'25),+12,18d20+144,20
Android (QftIS),+4,14d8+28,15
Androsphinx (MM'14),+0,19d10+95,17
Angry Sorrowsworn (MPMM),+0,30d8+120,18
Anhkolox (DSotDQ),+0,15d12+60,15
Animal Lord (MM'25),+19,34d8+170,19
Animated Armor (MM'14),+0,6d8+6,18
Animated Armor (MM'25),+2,6d8+6,18
Animated Armor Detention Drone (BMT),+0,6d8+6,18
Animated Ballista (WDMM),+0,50,15
Animated Breath (FTD),+0,10d10+40,15 or 17
Animated Broom (CM),+3,5d6,15
Animated Broom (MM'25),+5,4d6,15
Animated Chained Library (CM),-1,6d10+12,14
Animated Drow Statue (OotA),+0,6d8+6,18
Animated Flying Sword (MM'25),+4,4d6,17
Animated Glass Statue (CRCotN),+0,3d10+6,10
Animated Halberd (CoS),+2,5d6,15
Animated Jade Serpent (WDMM),+4,2d8+2,14
Animated Knife (EGW),+2,5d4,17
Animated Object (Huge) (PHB'14),-2,80,10
Animated Object (Large) (PHB'14),+0,50,10
Animated Object (Medium) (PHB'14),+1,40,13
Animated Object (PHB'24),+0,(manual),15
Animated Object (Small) (PHB'14),+2,25,16
Animated Object (Tiny) (PHB'14),+4,20,18
Animated Rug of Smothering (MM'25),+4,5d10,12
Animated Staff (WDMM),+1,40,17
Animated Statue (WDMM),+2,18d8+18,12 or 15
Animated Statue of Lolth (WDMM),-1,20d12+100,17
Animated Stove (WDMM),+0,50,17
Animated Table (TftYP),-1,6d10+6,15
Animated Tile Chimera (RoT),+0,12d10+48,14
Animated Tree (EGW),-1,12d12+60,16
Animated Wand (WDMM),+4,20,18
Animatronic Allosaurus (KftGV),+1,6d10+18,13
Ankheg (MM'14),+0,6d10+6,14 or 11
Ankheg (MM'25),+0,6d10+12,14
Ankheg (WttHC),+0,6d10+12,14
Ankhtepot (RHW),+6,27d8+81,17
Ankylosaurus (MM'14),+0,8d12+16,15
Ankylosaurus (MM'25),+0,8d12+16,15
Ankylosaurus Zombie (ToA),-1,8d12+16,14
Annis Hag (MPMM),+1,12d10+24,17
Annis Hag (VGM),+1,10d10+20,17
Anvilwrought Raptor (MOT),+3,4d4+8,14
Ape (MM'14),+2,3d8+6,12
Ape (MM'25),+2,3d8+6,12
Aphemia (MOT),+3,8d8+16,15
Apprentice (HoL),+0,2d8-2,10
Apprentice Wizard (MPMM),+0,3d8,10 or 13
Apprentice Wizard (VGM),+0,2d8,10
Aquatic Ghoul (PotA),+2,5d8,12
Aquatic Troll (RoT),+1,8d10+40,15
Aranea (FRAiF),+3,12d8+12,14
Arasta (MOT),+3,24d12+144,19
Arcanaloth (MM'14),+1,16d8+32,17
Arcanaloth (MM'25),+5,27d8+54,18
Arch-hag (MM'25),+2,29d10+174,20
Archaic (SCC),+0,14d20+98,20
Archdruid (MPMM),+2,28d8+28,14
Archdruid (VGM),+2,24d8+24,16
Archelon (MM'25),+3,12d12+12,17
Archer (MPMM),+4,10d8+30,16
Archer (VGM),+16,10d8+30,16
Archmage (MM'14),+2,18d8+18,12 or 15
Archmage (MM'25),+6,31d8+31,17
Archon of Falling Stars (MOT),+2,17d8+68,18
Archon of the Triumvirate (GGR),+2,17d8+68,18
Archpriest (MM'25),+5,32d8+96,16
Arclight Phoenix (GGR),+6,19d8+57,16
Armanite (MPMM),+4,9d10+45,16
Armanite (MTF),+4,8d10+40,16
Armored Saber-Toothed Tiger (CoS),+2,7d10+14,17
Armored Troglodyte (WDMM),+0,2d8+4,14
Art Elemental Mascot (SCC),+1,4d6+4,11
Ash Zombie (LMoP),-2,3d8+9,8
Ash Zombie (PaBTSO),-2,3d8+9,8
Ashen Animated Armor (KftGV),+0,6d8+6,18
Ashen Flying Sword (KftGV),+2,5d6,17
Ashen Heir Anarchist (JttRC),+0,5d8+5,13
Ashen Heir Assassin (JttRC),+3,12d8+24,15
Ashen Heir Mage (JttRC),+2,9d8,12 or 15
Ashen Heir Veteran (JttRC),+1,9d8+18,17
Ashen Knight (KftGV),+0,8d8+16,18
Ashen Rider (MOT),+3,21d8+84,18
Ashen Shambling Mound (KftGV),-1,16d10+48,15
Ashen Veteran (KftGV),+1,9d8+18,17
Ashen Warhorse (KftGV),+1,3d10+3,11
Aspect of Bahamut (FTD),+4,30d20+270,23
Aspect of Tiamat (FTD),+2,28d20+280,23
Aspirant of the Comet (BMT),+1,5d8+5,11
Assassin (MM'14),+3,12d8+24,15
Assassin (MM'25),+10,15d8+30,16
Assassin Vine (ToA),+0,10d10+30,13
Asteria (BMT),+5,26d8+78,18
Astral Blight (LoX),-1,4d8+8,12
Astral Dreadnought (MPMM),-1,17d20+119,20
Astral Dreadnought (MTF),-1,17d20+119,20
Astral Elf Aristocrat (BAM),+2,23d8,16
Astral Elf Commander (BAM),+2,26d8+26,17
Astral Elf Honor Guard (BAM),+2,17d8+17,17
Astral Elf Star Priest (BAM),+0,20d8,13
Astral Elf Warrior (BAM),+2,13d8,16
Athar Null (MPP),+3,13d8+26,14
Atropal (ToA),-2,18d12+108,7
Aurak Draconian (DSotDQ),+2,9d8+27,17
Aurelia (GGR),+7,25d8+175,22
Aurnozci (BMT),+5,20d20+160,16
Aurochs (MPMM),+0,4d10+16,11
Aurochs (VGM),+0,4d10+16,11
Aurumach Rilmani (MPP),+5,30d10+120,18
Aurumvorax (JttRC),+1,8d6+8,15
Aurumvorax Den Leader (JttRC),+2,8d8+16,16
Autognome (BAM),-2,6d6+18,16
Autumn Eladrin (MPMM),+3,22d8+66,19
Autumn Eladrin (MTF),+3,17d8+51,19
Avatar of Death (DMG'14),+3,(manual),20
Avatar of Death (DMG'24),+3,(manual),20
Avoral Guardinal (MPP),+4,23d8+69,16
Awakened Brown Bear (WDMM),+0,4d10+12,11
Awakened Elk (WDMM),+0,2d10+2,10
Awakened Giant Wasp (WDMM),+2,3d8,12
Awakened Rat (WDH),+0,1d4-1,10
Awakened Shrub (MM'14),-1,3d6,9
Awakened Shrub (MM'25),-1,3d6,9
Awakened Tree (MM'14),-2,7d12+14,13
Awakened Tree (MM'25),-2,7d12+14,13
Awakened White Moose (IDRotF),+0,8d10+24,11
Awakened Zurkhwood (OotA),-2,7d12+14,13
Axe Beak (MM'14),+1,3d10+3,11
Axe Beak (MM'25),+1,3d10+3,11
Axe of Mirabar Soldier (SKT),+1,9d8+27,18
Azalin Rex (RHW),+17,52d8+156,20
Azer (MM'14),+1,6d8+12,17
Azer Pyromancer (MM'25),+2,13d8+39,18
Azer Sentinel (MM'25),+1,6d8+12,17
B'rohg (BAM),+2,8d12+40,14
Baaz Draconian (DSotDQ),+0,4d8+4,14
Babau (MPMM),+3,11d8+33,16
Babau (VGM),+3,11d8+33,16
Baboon (MM'14),+2,1d6,12
Baboon (MM'25),+2,1d6,12
Badger (MM'14),+0,1d4+1,10
Badger (MM'25),+0,1d4+3,11
Bael (MPMM),+3,18d10+90,18
Bael (MTF),+3,18d10+90,18
Baernaloth (MPP),+2,27d10+108,17
Bag Jelly (BGG),-2,5d8+20,8
Bakunawa (JttRC),+1,12d20+24,15
Balhannoth (MPMM),-1,12d10+48,17
Balhannoth (MTF),-1,12d10+48,17
Balor (MM'14),+14,21d12+126,19
Balor (MM'25),+2,23d12+138,19
Banderhobb (MPMM),+1,8d10+40,15
Banderhobb (VGM),+1,8d10+40,15
Bandit (MM'14),+1,2d8+2,12
Bandit (MM'25),+1,2d8+2,12
Bandit Captain (MM'14),+3,10d8+20,15
Bandit Captain (MM'25),+9,8d8+16,15
Bandit Crime Lord (MM'25),+6,26d8+52,17
Bandit Deceiver (MM'25),+3,20d8+40,16
Banshee (MM'14),+2,13d8,12
Banshee (MM'25),+2,12d8,12
Baphomet (MPMM),+2,22d12+176,22
Baphomet (MTF),+2,19d12+152,22
Barbed Devil (MM'14),+3,13d8+52,15
Barbed Devil (MM'25),+3,13d8+52,15
Barbed Devil (WttHC),+3,13d8+52,15
Bard (MPMM),+2,8d8+8,15
Bard (VGM),+2,8d8+8,15
Barghest (MPMM),+2,8d10+16,17
Barghest (VGM),+2,12d10+24,17
Bariaur Wanderer (MPP),+2,11d8+22,14
Barkburr (QftIS),-2,8d6+24,16
Barlgura (MM'14),+2,8d10+24,15
Barlgura (MM'25),+2,10d10+30,15
Barovian Commoner (CoS),+0,1d8,10
Barovian Scout (CoS),+2,3d8+3,13
Barovian Witch (CoS),+0,3d8+3,10
Barrowghast (BGG),-1,12d12+60,12
Basilisk (MM'14),-1,8d8+16,15
Basilisk (MM'25),-1,8d8+16,15
Bat (MM'14),+2,1d4-1,12
Bat (MM'25),+2,1d4-1,12
Battleforce Angel (GGR),+1,12d8+12,18
Battlehammer Dwarf (IDRotF),+2,3d8+3,13
Bearded Devil (MM'14),+2,8d8+16,13
Bearded Devil (MM'25),+7,9d8+18,13
Bearded Devil (WttHC),+2,9d8+18,13
Beast of Malar (FRAiF),+3,16d8+96,17
Beast of the Land (PHB'24),+2,(manual),13 (+)
Beast of the Land (TCE),+2,(manual),13 (+)
Beast of the Sea (PHB'24),+2,(manual),13 (+)
Beast of the Sea (TCE),+2,(manual),13 (+)
Beast of the Sky (PHB'24),+3,(manual),13 (+)
Beast of the Sky (TCE),+3,(manual),13 (+)
Behir (MM'14),+3,16d12+64,17
Behir (MM'25),+3,16d12+64,17
Beholder (MM'14),+12,19d10+76,18
Beholder (MM'25),+2,20d10+80,18
Beholder Zombie (MM'14),-1,11d10+33,15
Beholder Zombie (MM'25),-1,11d10+33,15
Belashyrra (ERLW),+5,32d8+160,19
Beledros Witherbloom (SCC),+2,24d20+192,22
Berbalang (MPMM),+3,14d8-14,14
Berbalang (MTF),+3,11d8-11,14
Berserker (MM'14),+1,9d8+27,13
Berserker (MM'25),+5,9d8+27,13
Berserker Commander (MM'25),+2,16d8+64,16
Bestial Spirit (PHB'24),+0,(manual),11 (+)
Bestial Spirit (TCE),+0,(manual),11 (+)
Bheur Hag (MPMM),+3,14d8+28,17
Bheur Hag (VGM),+3,14d8+28,17
Big Xorn (WDMM),+0,9d10+54,19
Biomancer (GGR),+2,17d8+34,17
Black Abishai (MPMM),+3,9d8+18,15
Black Abishai (MTF),+3,9d8+18,15
Black Bear (MM'14),+0,3d8+6,11
Black Bear (MM'25),+1,3d8+6,11
Black Dragon Wyrmling (MM'14),+4,6d8+6,17
Black Dragon Wyrmling (MM'25),+2,6d8+6,17
Black Earth Guard (PotA),+0,6d8+12,18
Black Earth Priest (PotA),+0,7d8+14,17
Black Gauntlet of Bane (BGDIA),+0,6d8+24,16
Black Greatwyrm (FTD),+2,26d20+260,22
Black Guard Drake (VGM),+0,7d8+21,14
Black Pudding (MM'14),-2,10d10+30,7
Black Pudding (MM'25),-2,8d10+24,7
Black Rose Bearer (VEoR),-2,13d8+52,11
Blackguard (MPMM),+0,14d8+56,18
Blackguard (VGM),+0,18d8+72,18
Blacktongue Bullywug (WDMM),+1,2d8+2,15
Blade Lieutenant (VEoR),+1,18d8+72,16
Blade Scout (VEoR),+5,14d8+42,18
Blazebear (VEoR),+3,18d10+90,14
Bleak Cabal Void Soother (MPP),+2,10d8+10,16
Blink Dog (MM'14),+3,4d8+4,13
Blink Dog (MM'25),+3,4d8+4,13
Blistercoil Weird (GGR),+16,7d8+14,13
Blob of Annihilation (MM'25),+2,23d20+207,18
Blood Drinker Vampire (GGR),+4,12d8+36,16
Blood Hawk (MM'14),+2,2d6,12
Blood Hawk (MM'25),+2,2d6,12
Blood Hunter (EGW),+1,10d8+20,16
Blood Witch (GGR),+2,12d8+24,12 or 15
Blood-Toll Harpy (MOT),+1,2d8,11
Bloodfray Giant (GGR),-1,9d12+45,14
Blue Abishai (MPMM),+2,27d8+81,19
Blue Abishai (MTF),+2,26d8+78,19
Blue Dragon Wyrmling (MM'14),+2,8d8+16,17
Blue Dragon Wyrmling (MM'25),+0,10d8+20,17
Blue Greatwyrm (FTD),+2,26d20+260,22
Blue Guard Drake (VGM),+0,7d8+21,14
Blue Slaad (MM'14),+2,13d10+52,15
Blue Slaad (MM'25),+2,14d10+56,15
Boar (MM'14),+0,2d8+2,11
Boar (MM'25),+0,2d8+4,11
Bodak (MPMM),+3,9d8+18,15
Bodak (VGM),+3,9d8+18,15
Bodytaker Plant (RHW),-1,12d12+60,16
Bodytaker Plant (VRGR),-1,8d12+40,16
Bodytaker Podling (RHW),+0,4d8+8,12
Boggle (MPMM),+4,4d6+4,14
Boggle (VGM),+7,4d6+4,14
Bone Devil (MM'14),+3,15d10+60,19
Bone Devil (MM'25),+3,17d10+68,16
Bone Knight (ERLW),+1,13d8+26,20
Bone Naga (Guardian) (MM'14),+3,9d10+9,15
Bone Naga (MM'25),+3,10d10+10,15
Bone Naga (Spirit) (MM'14),+3,9d10+9,15
Bone Roc (VEoR),+5,14d12+42,15
Bone Whelk (BGDIA),-2,5d10,12
Boneclaw (MPMM),+3,20d10+40,16
Boneclaw (MTF),+3,17d10+34,16
Boneless (RHW),+2,4d8+4,12
Boneless (VRGR),+2,4d8+8,12
Booyahg Booyahg Booyahg (VGM),+2,9d8,12 or 15
Booyahg Caster (VGM),+2,2d6,15
Booyahg Slave of the Archfey (VGM),+1,11d8,11 or 14
Booyahg Slave of the Fiend (VGM),+2,12d8+24,12 or 15
Booyahg Slave of the Great Old One (VGM),+2,14d8+28,12 or 15
Booyahg Whip (VGM),+2,2d6,15
Booyahg Wielder (VGM),+2,2d6,15
Borborygmos (GGR),+0,20d12+140,14
Bore Worm (WDMM),+4,15d20+90,18
Boromar Smuggler (EFA),+7,6d6+6,13
Boromar Underboss (EFA),+4,19d6+38,16
Borthak (VEoR),+3,16d12+96,16
Boss Augustus (BMT),+3,20d8+60,13
Boss Delour (BMT),+4,20d6+40,14
Bozak Draconian (DSotDQ),+0,9d8,15
Brackish Trudge (SCC),+0,8d10+24,12
Brain Breaker (PaBTSO),+0,18d10+90,14
Brain in a Jar (RHW),-4,10d6+20,11
Brain in a Jar (VRGR),-3,10d6+20,11
Brass Dragon Wyrmling (MM'14),+2,3d8+3,16
Brass Dragon Wyrmling (MM'25),+0,4d8+4,15
Brass Greatwyrm (FTD),+3,29d20+261,22
Braxat (BAM),-1,13d12+78,18
Brazen Gorgon (MM'25),+2,17d10+68,19
Breath Drinker (BMT),+4,21d8+63,18
Bridesmaid of Zuggtmoy (OotA),+0,5d8,13
Brigganock (WBtW),+2,2d4+4,12
Bristled Moorbounder (EGW),+2,7d10+14,15
Broken King Antigonos (MOT),+0,9d10+27,14
Brontosaurus (MPMM),-1,9d20+27,15
Brontosaurus (VGM),-1,9d20+27,15
Bronze Dragon Wyrmling (MM'14),+0,5d8+10,17
Bronze Dragon Wyrmling (MM'25),+2,6d8+12,15
Bronze Greatwyrm (FTD),+3,29d20+261,22
Bronze Sable (MOT),+3,5d8+10,15
Bronze Scout (MTF),+3,4d8,13
Broom of Animated Attack (CoS),+3,5d6,15
Brown Bear (MM'14),+0,4d10+12,11
Brown Bear (MM'25),+1,3d10+6,11
Brown Scavver (BAM),+2,6d10+18,13
Brusipha (BMT),+0,12d8+36,14
Bugbear (MM'14),+2,5d8+5,16
Bugbear Chief (MM'14),+2,10d8+20,17
Bugbear Gardener (TftYP),+2,5d8+5,16
Bugbear Lieutenant (TftYP),+2,5d8+5,16
Bugbear Stalker (MM'25),+2,10d8+20,15
Bugbear Warrior (MM'25),+2,6d8+6,14
Bulette (MM'14),+0,9d10+45,17
Bulette (MM'25),+0,9d10+45,17
Bulette Pup (MM'25),-1,6d8+18,16
Bulezau (MPMM),+2,7d8+21,14
Bulezau (MTF),+2,7d8+21,14
Bullywug (MM'14),+1,2d8+2,15
Bullywug Bog Sage (MM'25),+3,8d8+16,16
Bullywug Croaker (GoS),+1,6d8+6,15
Bullywug Knight (WBtW),+1,12d8+12,18
Bullywug Royal (GoS),+1,8d8+16,15
Bullywug Warrior (MM'25),+2,2d8+2,15
Burnished Hart (MOT),+2,6d8+18,14
Burrowshark (PotA),+1,11d8+33,18
Cackler (GGR),+3,3d6,15
Cadaver Collector (MPMM),+2,18d10+90,17
Cadaver Collector (MTF),+2,18d10+90,17
Cairnwight (BGG),+0,12d12+60,19
Caldron Magen (NF),+3,9d8+27,20
Cambion (MM'14),+4,11d8+33,19
Cambion (MM'25),+4,14d8+42,19
Camel (MM'14),-1,2d10+4,9
Camel (MM'25),-1,2d10+6,10
Campestri (WBtW),-1,1d4,12
Cannith Artificer (EFA),+1,11d8+22,16
Canoloth (MPMM),+0,16d8+48,16
Canoloth (MTF),+0,16d8+48,16
Canopic Golem (CM),+0,24d10+120,17
Carnivorous Flower (RoT),+0,12d10+48,14
Carrion Crawler (MM'14),+1,6d10+18,13
Carrion Crawler (MM'25),+1,6d10+18,13
Carrion Ogre (WDMM),-1,7d10+21,11
Carrion Stalker (RHW),+3,10d4+30,15
Carrion Stalker (VRGR),+3,10d4+10,14
Carrionette (RHW),+4,5d4+5,15
Carrionette (VRGR),+2,6d6+6,15
Cat (MM'14),+2,1d4,12
Cat (MM'25),+2,1d4,12
Cat Skeleton (CoS),+2,1d4,12
Category 1 Krasis (GGR),+2,3d8+6,15
Category 2 Krasis (GGR),+2,16d10+48,15
Category 3 Krasis (GGR),+1,25d12+125,16
Catoblepas (MPMM),+1,8d10+40,14
Catoblepas (VGM),+1,8d10+40,14
Cave Badger (OotA),+0,2d8+4,12
Cave Bear (MM'14),+0,5d10+15,12
Cave Fisher (MPMM),+1,9d8+18,16
Cave Fisher (VGM),+1,9d8+18,16
Celestial Spirit (PHB'24),+2,(manual),11 (+)
Celestial Spirit (TCE),+2,(manual),11 (+)
Centaur (MM'14),+2,6d10+12,12
Centaur Mummy (TftYP),+1,10d10+30,13
Centaur Trooper (MM'25),+2,6d10+12,16
Centaur Warden (MM'25),+2,14d10+28,16
Ceratops (BGG),-1,9d20+45,16
Chain Devil (MM'14),+5,10d8+40,16
Chain Devil (MM'25),+2,10d8+40,15
Chakuna (RHW),+12,28d8+84,16
Chamberlain of Zuggtmoy (OotA),-1,6d10+12,13
Champion (MPMM),+2,22d8+44,18
Champion (VGM),+2,22d8+44,18
Champion of Gorm (QftIS),+0,6d8+6,19
Champion of Madarua (QftIS),+1,6d8+12,13
Champion of Usamigaras (QftIS),+2,6d8+6,12 or 15
Changeling (ERLW),+2,4d8+4,13
Chaos Quadrapod (AI),+1,7d10+14,14
Chardalyn Berserker (IDRotF),+1,12d8+36,13
Chardalyn Dragon (IDRotF),+0,14d12+56,17
Chasme (MM'14),+2,13d10+13,15
Chasme (MM'25),+5,12d10+12,15
Chimera (MM'14),+0,12d10+48,14
Chimera (MM'25),+0,12d10+48,14
Chimeric Baboon (IDRotF),+2,1d6,12
Chimeric Cat (IDRotF),+2,1d4,12
Chimeric Fox (IDRotF),+3,1d4,13
Chimeric Hare (IDRotF),+3,1d4-1,13
Chimeric Rat (IDRotF),+0,1d4-1,10
Chimeric Weasel (IDRotF),+3,1d4-1,13
Chitine (MPMM),+2,4d6+4,14
Chitine (VGM),+2,4d6+4,14
Choker (MPMM),+2,3d6+3,16
Choker (MTF),+2,3d6+3,16
Choldrith (MPMM),+3,12d8+12,15
Choldrith (VGM),+3,12d8+12,15
Chuul (MM'14),+0,11d10+33,16
Chuul (MM'25),+0,9d10+27,16
Chuul Spore Servant (OotA),+0,11d10+33,16
Chwinga (CM),+5,2d4,15
Chwinga (IDRotF),+5,2d4,15
Chwinga (ToA),+5,2d4,15
Chwinga Astronaut (BAM),+5,3d4,15
Cinder Hulk (BGG),+1,8d10+40,16
Citadel Spider (VEoR),+0,20d20+150,18
Clawfoot (ERLW),+3,3d8+6,13
Clay Gladiator (ToA),+2,15d8+45,17
Clay Golem (MM'14),-1,14d10+56,14
Clay Golem (MM'25),+3,13d10+52,14
Cloaker (MM'14),+5,12d10+12,14
Cloaker (MM'25),+2,14d10+14,14
Cloaker Mutate (PaBTSO),+2,22d10+22,14
Clockwork Behir (OoW),+3,16d12+64,17
Clockwork Bronze Scout (MPMM),+3,8d8,13
Clockwork Defender (KftGV),+2,5d8+20,17
Clockwork Dragon (AI),+0,4d8+4,16
Clockwork Iron Cobra (MPMM),+3,14d8+28,13
Clockwork Mule (SKT),+0,2d8+2,10
Clockwork Oaken Bolter (MPMM),+4,18d8+36,16
Clockwork Observer (KftGV),+3,2d4+2,14
Clockwork Stone Defender (MPMM),+0,14d8+42,16
Cloud Giant (MM'14),+0,16d12+96,14
Cloud Giant (MM'25),+4,16d12+96,14
Cloud Giant Destiny Gambler (BGG),+1,27d12+162,15
Cloud Giant Ghost (CM),+0,16d12,15
Cloud Giant Noble (TftYP),+0,16d12+96,16
Cloud Giant of Evil Air (BGG),+0,16d12+96,14
Cloud Giant Smiling One (MPMM),+1,20d12+120,15
Cloud Giant Smiling One (VGM),+1,21d12+128,15
Cockatrice (MM'14),+1,6d6+6,11
Cockatrice (MM'25),+1,5d6+5,11
Cockatrice Regent (MM'25),+2,16d10+48,15
Cogwork Archivist (SCC),+0,12d10+24,17
Coldlight Walker (IDRotF),+0,11d8+33,13
Colossus (MM'25),+16,27d20+270,23
Colossus of Akros (MOT),+0,20d20+140,21
Combat Robot (QftIS),+2,15d8+45,15
Commoner (MM'14),+0,1d8,10
Commoner (MM'25),+0,1d8,10
Commoner (WttHC),+0,1d8,10
Conclave Dryad (GGR),+4,22d8+44,16
Conjurer (VGM),+2,9d8,12 or 15
Conjurer Wizard (MPMM),+2,13d8,12 or 15
Conservatory Student (KftGV),+1,2d8,11
Constrictor Snake (MM'14),+2,2d10+2,12
Constrictor Snake (MM'25),+2,2d10+2,13
Construct Spirit (PHB'24),+0,(manual),13 (+)
Construct Spirit (TCE),+0,(manual),13 (+)
Constructed Commoner (CM),+0,1d8+2,15
Copper Dragon Wyrmling (MM'14),+1,4d8+4,16
Copper Dragon Wyrmling (MM'25),+3,4d8+4,16
Copper Greatwyrm (FTD),+3,29d20+261,22
Core Spawn Crawler (EGW),+2,6d6,12
Core Spawn Emissary (EGW),+2,12d8+48,15
Core Spawn Seer (EGW),+1,18d8+72,17
Core Spawn Worm (EGW),-2,18d20+90,18
Corpse Flower (MPMM),+2,15d10+45,12
Corpse Flower (MTF),+2,15d10+45,12
Corrupted Avatar of Lurue (CM),+2,12d10+24,14
Corrupted Giant Shark (CRCotN),+0,11d12+55,13
Corrupted Rat (WttHC),+0,1d4-1,10
Cosmic Horror (BAM),+0,16d20+112,15
Cosmotronic Blastseeker (GGR),+2,5d8+15,15
Couatl (MM'14),+5,13d8+39,19
Couatl (MM'25),+5,8d8+24,19
Counterflux Blastseeker (GGR),+3,6d8+12,13 or 16
Cow (VGM),+0,2d10+4,10
Crab (MM'14),+0,1d4,11
Crab (MM'25),+0,1d4+1,11
Cradle of the Cloud Scion (BGG),+5,32d20+288,19
Cradle of the Fire Scion (BGG),+1,30d20+240,20
Cradle of the Frost Scion (BGG),+2,27d20+216,20
Cradle of the Hill Scion (BGG),+0,23d20+161,19
Cradle of the Stone Scion (BGG),+2,26d20+182,20
Cradle of the Storm Scion (BGG),+2,35d20+315,19
Crag Cat (SKT),+3,4d10+12,13
Cranium Rat (MPMM),+2,1d4,12
Cranium Rat (VGM),+2,1d4,12
Cranium Rat Squeaker (MPP),+2,1d4,12
Cranium Rat Squeaker Swarm (MPP),+2,17d8,12
Crawling Claw (MM'14),+2,1d4,12
Crawling Claw (MM'25),+2,1d4,12
Crimson Helmed Horror (KftGV),+1,8d8+24,20
Crocodile (MM'14),+0,3d10+3,12
Crocodile (MM'25),+0,2d10+2,12
Crow (WDMM),+2,1d4-1,12
Crushing Wave Priest (PotA),+0,8d8+16,13
Crushing Wave Reaver (PotA),+2,4d8+4,14
Crystal Battleaxe (WDMM),+2,5d6,17
Crystal Dragon Wyrmling (FTD),+1,5d8+10,14
Crystal Golem (WDMM),-1,17d10+85,17
Crystal Greatwyrm (FTD),+2,26d20+234,21
Cthulhu (RHW),+9,22d20+154,19
Cult Fanatic (MM'14),+2,6d8+6,13
Cultist (MM'14),+1,2d8,12
Cultist (MM'25),+1,2d8,12
Cultist Fanatic (MM'25),+2,8d8+8,13
Cultist Hierophant (MM'25),+8,17d8+68,16
Cultist of Bane (FRAiF),+6,19d8+57,16
Cultist of Bhaal (FRAiF),+7,17d8+68,16
Cultist of Demogorgon (WttHC),+2,2d8,12
Cultist of Myrkul (FRAiF),+6,24d8+96,16
Cuprilach Rilmani (MPP),+5,27d8+81,16
Curate (HotB),+2,15d8+30,12
Cyclops (MM'14),+0,12d12+60,14
Cyclops Oracle (MM'25),+8,18d12+90,16
Cyclops Sentry (MM'25),+0,12d12+60,14
Daask Bruiser (EFA),+5,20d8+60,17
Daask Raider (EFA),+1,6d8+6,15
Dabus (MPP),+2,8d8+8,12
Daemogoth (SCC),+2,15d12+60,16
Daemogoth Titan (SCC),+0,11d20+88,17
Damaged Flesh Golem (EGW),-1,1d4+3,9
Dancing Flame (CRCotN),+3,12d8+12,15
Dancing Item (TCE),+2,(manual),16
Dao (MM'14),+1,15d10+105,18
Dao (MM'25),+1,16d10+112,18
Dark Tide Knight (PotA),+3,9d8+18,13
Darkling (MPMM),+3,3d6+3,14
Darkling (VGM),+3,3d6+3,14
Darkling Elder (MPMM),+3,5d8+5,15
Darkling Elder (VGM),+3,5d8+5,15
Darkmantle (MM'14),+1,5d6+5,11
Darkmantle (MM'25),+3,5d6+5,11
Darkweaver (MPP),+3,23d8+46,16
Dead Three Scion (FRAiF),+7,26d8+104,17
Deadbark Dryad (VEoR),+3,22d8+88,16
Deadstone Cleft Stone Giant (SKT),+2,11d12+55,17
Death Cultist (MM'25),+4,15d8+60,17
Death Dog (MM'14),+2,6d8+12,12
Death Dog (MM'25),+2,6d8+12,12
Death Embrace (CRCotN),+2,14d12+56,13
Death Giant Reaper (BGG),+2,15d12+75,18
Death Giant Shrouded One (BGG),+2,17d12+85,12 or 15
Death Kiss (MPMM),+2,15d10+60,15
Death Kiss (VGM),+2,17d10+68,16
Death Knight (MM'14),+0,19d8+95,20
Death Knight (MM'25),+12,21d8+105,20
Death Knight Aspirant (MM'25),+4,21d8+84,20
Death Slaad (MM'14),+2,20d8+80,18
Death Slaad (MM'25),+10,21d8+84,18
Death Tyrant (MM'14),+2,25d10+50,19
Death Tyrant (MM'25),+12,26d10+52,19
Death's Head (RHW),+1,5d4+5,16
Death's Head (VRGR),+1,5d4+5,16
Death's Head of Bhaal (BGDIA),+5,8d8+40,15
Death's Head Tree (RHW),-1,10d12+30,15
Deathlock (MPMM),+2,8d8,12
Deathlock (MTF),+2,8d8,12 or 15
Deathlock Mastermind (MPMM),+3,20d8+20,13
Deathlock Mastermind (MTF),+3,20d8+20,13 or 16
Deathlock Wight (MPMM),+2,5d8+15,12
Deathlock Wight (MTF),+2,5d8+15,12 or 15
Deathpact Angel (GGR),+4,27d8+54,18
Deathwolf (VEoR),+3,18d8+72,15
Decaton Modron (MPP),+1,17d10+51,16
Deck Defender (BMT),+3,(manual),16
Deep Crow (AI),+3,14d10+56,17
Deep Dragon Wyrmling (FRAiF),+2,5d8+5,15
Deep Dragon Wyrmling (FTD),+0,5d8+5,15
Deep Gnome (Svirfneblin) (MM'14),+2,3d6+6,15
Deep Rothé (MPMM),+0,2d8+4,10
Deep Rothé (VGM),+0,2d8+4,10
Deep Scion (MPMM),+1,9d8+27,11
Deep Scion (VGM),+1,9d8+27,11
Deer (MM'14),+3,1d8,13
Deer (MM'25),+3,1d8,13
Degloth (VEoR),+3,14d10+56,18
Deinonychus (MPMM),+2,4d8+8,13
Deinonychus (VGM),+2,4d8+8,13
Demilich (MM'14),+5,32d4,20
Demilich (MM'25),+17,72d4,20
Demobat (WttHC),+3,6d4+6,13
Demodog (WttHC),+2,6d6+6,14
Demodragon (WttHC),+3,12d12+24,16
Demogorgon (HftT),+1,8d8+24,15
Demogorgon (MPMM),+2,32d12+256,22
Demogorgon (MTF),+2,28d12+224,22
Demogorgon Spawn (WttHC),+2,8d8+8,15
Demos Magen (IDRotF),+2,6d8+24,16
Derro (MPMM),+2,3d6+3,13
Derro (MTF),+2,3d6+3,13
Derro (OotA),+2,3d6+3,13
Derro Apprentice (QftIS),+2,5d6+5,13
Derro Raider (QftIS),+1,3d6+6,12
Derro Savant (MPMM),+2,8d6+8,13
Derro Savant (MTF),+2,8d6+8,13
Derro Savant (OotA),+2,11d6+11,13
Detached Shadow (WBtW),+2,3d8+3,12
Deva (MM'14),+4,16d8+64,17
Deva (MM'25),+4,27d8+108,17
Devkarin Lich (GGR),+3,15d8+30,14
Devourer (MPMM),+1,18d10+90,16
Devourer (VGM),+1,17d10+85,16
Dhergoloth (MPMM),+0,14d8+56,15
Dhergoloth (MTF),+0,14d8+56,15
Diatryma (WDH),+1,3d10+3,11
Dimetrodon (MPMM),+0,3d8+6,12
Dimetrodon (VGM),+0,3d8+6,12
Dining Table Mimic (WDH),+1,10d10+20,12
Dinosaur Skeleton (JttRC),+1,6d10+18,13
Dire Troll (MPMM),+2,15d12+75,15
Dire Troll (MTF),+2,15d12+75,15
Dire Wolf (MM'14),+2,5d10+10,14
Dire Wolf (MM'25),+2,3d10+6,14
Dire Worg (MM'25),+2,14d12+56,16
Disciple (HoL),-1,2d8,11
Displacer Beast (MM'14),+2,10d10+30,13
Displacer Beast (MM'25),+4,9d10+27,13
Displacer Beast Kitten (WBtW),+1,2d6+2,12
Distended Corpse (CoS),+0,1d8,10
Diva (JttRC),+2,3d8+3,13
Diviner (VGM),+2,15d8,12 or 15
Diviner Wizard (MPMM),+2,20d8,12 or 15
Djinni (MM'14),+2,14d10+84,17
Djinni (MM'25),+2,19d10+114,17
Dohwar (BAM),+1,3d6,11
Dolgaunt (ERLW),+4,6d8+6,16
Dolgrim (ERLW),+2,3d6+3,15
Dolphin (MPMM),+1,2d8+2,12
Dolphin (VGM),+1,2d8+2,12
Dolphin Delighter (MPMM),+1,5d8+5,14
Domestic Wonder (FRAiF),-1,1d8+1,9
Doomguard Doom Lord (MPP),+1,27d8+81,18
Doomguard Rot Blade (MPP),+1,13d8+39,18
Doomwake Giant (MOT),+1,13d12+78,15
Doppelganger (MM'14),+4,8d8+16,14
Doppelganger (MM'25),+4,8d8+16,14
Dracohydra (FTD),+1,19d12+95,17
Dracolich (MM'25),+12,18d12+108,20
Draconian Dreadnought (FTD),+0,6d10+24,16
Draconian Foot Soldier (FTD),+0,4d8+4,14
Draconian Infiltrator (FTD),+3,6d8+12,15
Draconian Mage (FTD),+0,9d8,15
Draconian Mastermind (FTD),+2,9d8+27,17
Draconic Shard (FTD),+1,16d12+64,17
Draconic Spirit (FTD),+2,(manual),14 (+)
Draconic Spirit (PHB'24),+2,(manual),14 (+)
Dracophage Subject (DSotDQ),+3,6d8+12,15
Draegloth (MPMM),+2,13d10+52,15
Draegloth (VGM),+2,13d10+52,15
Draft Horse (MM'14),+0,3d10+3,10
Draft Horse (MM'25),+0,2d10+4,10
Dragon Army Dragonnel (DSotDQ),+2,9d10+9,16
Dragon Army Officer (DSotDQ),+2,10d8+20,19
Dragon Army Soldier (DSotDQ),+1,4d8+4,17
Dragon Blessed (FTD),+0,10d8+30,14
Dragon Chosen (FTD),+4,7d8+14,17
Dragon Hunter (JttRC),+1,9d8+18,13
Dragon Speaker (FTD),+2,8d6+8,13
Dragon Tortoise (CM),+0,22d20+110,20
Dragon Turtle (MM'14),+0,22d20+110,20
Dragon Turtle (MM'25),+6,23d20+115,20
Dragon Turtle Wyrmling (FTD),+0,12d10+24,18
Dragonblood Ooze (FTD),-2,8d10+24,14
Dragonbone Golem (FTD),+0,19d10+57,17
Dragonborn of Bahamut (FTD),+1,11d8+44,18
Dragonborn of Sardior (FTD),+3,10d8+30,17
Dragonborn of Tiamat (FTD),+0,10d8+40,18
Dragonclaw (HotDQ),+3,3d8+3,14
Dragonfang (RoT),+3,12d8+24,15
Dragonflesh Abomination (FTD),+2,7d12+21,15
Dragonflesh Grafter (FTD),+0,7d10+14,14
Dragonnel (FTD),+2,9d10+9,13
Dragonsoul (RoT),+4,17d8+34,16
Dragonwing (HotDQ),+3,6d8+6,14
Drake Companion (FTD),+1,(manual),14 (+)
Dread Warrior (TftYP),+0,5d8+15,18
Dreaming Dark Infiltrator (EFA),+3,16d8+32,15
Dreaming Dark Mindkiller (EFA),+4,24d8+72,19
Dretch (MM'14),+0,4d6+4,11
Dretch (MM'25),+0,4d6+4,11
Dretch (WttHC),+0,4d6+4,11
Drider (MM'14),+3,13d10+52,19
Drider (MM'25),+4,13d10+52,19
Drow (MM'14),+2,3d8,15
Drow Acolyte (OotA),+0,2d8,10
Drow Arachnomancer (MPMM),+3,25d8+50,15
Drow Arachnomancer (MTF),+3,25d8+50,15
Drow Assassin (OotA),+3,12d8+24,15
Drow Bandit (OotA),+1,2d8+2,12
Drow Commander (TftYP),+4,11d8+22,18
Drow Commoner (OotA),+0,1d8,10
Drow Cultist (OotA),+1,2d8,12
Drow Elite Warrior (MM'14),+4,11d8+22,18
Drow Elite Warrior of Lolth (FRAiF),+4,11d8+22,18
Drow Favored Consort (MPMM),+5,32d8+96,15
Drow Favored Consort (MTF),+5,30d8+90,15 or 18
Drow Guard (OotA),+1,2d8+2,16
Drow Gunslinger (WDH),+4,13d8+26,18
Drow House Captain (MPMM),+4,25d8+50,16
Drow House Captain (MTF),+4,25d8+50,16
Drow Inquisitor (MPMM),+2,23d8+46,16
Drow Inquisitor (MTF),+2,22d8+44,16
Drow Mage (MM'14),+2,10d8,12 or 15
Drow Mage of Lolth (FRAiF),+2,18d8,15
Drow Matron Mother (MPMM),+4,33d8+99,17
Drow Matron Mother (MTF),+4,35d8+105,17
Drow Noble (OotA),+1,2d8,15
Drow of Lolth (FRAiF),+2,3d8,15
Drow Priestess of Lolth (FRAiF),+2,18d8+18,16
Drow Priestess of Lolth (MM'14),+2,13d8+13,16
Drow Scout (OotA),+2,3d8+3,13
Drow Shadowblade (MPMM),+5,20d8+60,17
Drow Shadowblade (MTF),+5,20d8+60,17
Drow Spore Servant (OotA),+2,3d8,15
Drow Spy (OotA),+2,6d8,12
Drowned Ascetic (GoS),+3,10d8+30,13
Drowned Assassin (GoS),+3,9d8+27,14
Drowned Blade (GoS),-1,6d8+18,10
Drowned Master (GoS),+1,21d8+63,14
Druid (MM'14),+1,5d8+5,11 or 16
Druid (MM'25),+1,8d8+8,13
Druid of the Old Ways (GGR),+2,12d8+36,14
Dryad (MM'14),+1,5d8,11 or 16
Dryad (MM'25),+1,5d8,16
Dryad Spirit (BGDIA),+2,13d8,12
Duergar (MM'14),+0,4d8+4,16
Duergar Alchemist (OotA),+0,4d8+4,16
Duergar Darkhaft (OotA),+0,4d8+4,16
Duergar Despot (MPMM),-2,14d8+56,21
Duergar Despot (MTF),-2,14d8+56,21
Duergar Hammerer (MPMM),-1,6d8+6,17
Duergar Hammerer (MTF),-1,6d8+6,17
Duergar Kavalrachni (MPMM),+0,4d8+8,16
Duergar Kavalrachni (MTF),+0,4d8+8,16
Duergar Keeper of the Flame (OotA),+0,4d8+4,16
Duergar Mind Master (MPMM),+3,6d8+12,14
Duergar Mind Master (MTF),+3,6d8+12,14 or 19
Duergar Screamer (MPMM),-1,7d8+7,15
Duergar Screamer (MTF),-1,7d8+7,15
Duergar Soulblade (MPMM),+3,6d8,14
Duergar Soulblade (MTF),+3,4d8,14
Duergar Spore Servant (OotA),+0,4d8+8,16
Duergar Spy (TftYP),+3,6d8+6,15
Duergar Stone Guard (MPMM),+0,6d8+12,18
Duergar Stone Guard (MTF),+0,6d8+12,18
Duergar Warlord (MPMM),+0,10d8+30,20
Duergar Warlord (MTF),+0,10d8+30,20
Duergar Xarrorn (MPMM),+0,4d8+8,18
Duergar Xarrorn (MTF),+0,4d8+8,18
Dullahan (RHW),+2,17d8+51,15
Dullahan (VRGR),+2,18d8+54,16
Duodrone (MM'14),+1,2d8+2,15
Dusk Hag (ERLW),+2,15d8+15,17
Dust Hulk (BGG),+4,8d10+24,16
Dust Mephit (MM'14),+2,5d6,12
Dust Mephit (MM'25),+2,5d6,12
Dwarf Skeleton (PaBTSO),+0,4d8+8,13
Dybbuk (MPMM),+4,5d8+15,14
Dybbuk (MTF),+4,5d8+15,14
Dyrrn (ERLW),+5,31d8+186,21
Eagle (MM'14),+2,1d6,12
Eagle (MM'25),+2,1d6+1,12
Earth Elemental (MM'14),-1,12d10+60,17
Earth Elemental (MM'25),-1,14d10+70,17
Earth Elemental Myrmidon (MPMM),+0,17d8+51,18
Earth Elemental Myrmidon (MTF),+0,17d8+51,18
Eater of Hope (MOT),+3,12d10+24,17
Eater of Knowledge (MPP),+0,12d10+36,15
Eblis (ToA),+3,4d10+4,13
Ebonbane (RHW),+14,29d6+29,17
Echo of Demogorgon (BGG),+0,10d10+30,14
Efreeti (MM'14),+1,16d10+112,17
Efreeti (MM'25),+1,17d10+119,17
Egg Hunter Adult (FTD),+5,8d6+24,16
Egg Hunter Hatchling (FTD),+3,8d4+8,14
Eidolon (MPMM),-1,18d8-18,9
Eidolon (MTF),-1,18d8-18,9
Elder Black Pudding (TftYP),-2,10d12+30,7
Elder Brain (MPMM),+0,20d10+100,10
Elder Brain (VGM),+0,20d10+100,10
Elder Brain Dragon (FTD),+1,20d20+140,17
Elder Giant Lizard (TftYP),-1,9d12+27,14
Elder Oblex (MPMM),+3,10d12+50,16
Elder Oblex (MTF),+3,10d12+50,16
Elder Tempest (MPMM),+9,16d20+96,19
Elder Tempest (MTF),+9,16d20+96,19
Elder Thing (RHW),+0,22d10+88,16
Eldritch Eddy (NF),+1,17d10+51,11
Eldritch Horror Hatchling (KftGV),+0,6d10+6,14 or 11
Elemental Cataclysm (MM'25),+18,20d20+160,20
Elemental Cultist (MM'25),+4,18d8+54,16
Elemental Spirit (PHB'24),+2,(manual),11 (+)
Elemental Spirit (TCE),+2,(manual),11 (+)
Elephant (MM'14),-1,8d12+24,12
Elephant (MM'25),-1,8d12+24,12
Elk (MM'14),+0,2d10+2,10
Elk (MM'25),+0,2d10,10
Emberhorn Minotaur (PotA),+0,9d10+27,14
Emerald Claw Commander (EFA),+2,12d8+24,20
Emerald Claw Knight (EFA),+0,8d8+16,18
Emerald Dragon Wyrmling (FTD),+1,6d8+12,16
Emerald Enclave Scout (OotA),+2,3d8+6,16
Emerald Greatwyrm (FTD),+2,26d20+234,21
Empyrean (MM'14),+5,19d12+190,22
Empyrean (MM'25),+19,21d12+210,22
Empyrean Iota (MM'25),+2,5d8,13
Encephalon Cluster (PaBTSO),+0,17d10+17,13
Encephalon Gemmule (PaBTSO),+4,12d4+24,14
Enchanter (VGM),+2,9d8,12 or 15
Enchanter Wizard (MPMM),+2,11d8,12 or 15
Enchanting Infiltrator (BMT),+5,24d8+48,18
Engineer (WDH),+0,2d6,10
Enormous Tentacle (OoW),+2,8d12+8,12
Equinal Guardinal (MPP),+3,11d10+33,15
Erinyes (MM'14),+3,18d8+72,18
Erinyes (MM'25),+3,21d8+84,18
Esthetic (BAM),-1,14d20+70,14
Eternal Flame Guardian (PotA),+1,7d8+14,17 or 15
Eternal Flame Priest (PotA),+2,8d8+16,12 or 15
Ettercap (MM'14),+2,8d8+8,13
Ettercap (MM'25),+2,8d8+8,13
Ettin (MM'14),-1,10d10+30,12
Ettin (MM'25),-1,10d10+30,12
Ettin Ceremorph (BGG),+2,11d10+44,15
Euryale (BMT),+3,35d8+140,17
Evil Mage (HftT),+2,5d8,12
Evil Mage (LMoP),+2,5d8,12
Evoker (VGM),+2,12d8+12,12 or 15
Evoker Wizard (MPMM),+2,22d8+22,12 or 15
Expeditious Messenger (ERLW),+3,2d4+2,13
Expert (DC),+5,12d8+12,17
Expert (ESK),+2,2d8+2,14
Expert (SDW),+4,10d8+10,16
Expert (SLW),+3,8d8+8,15
Eye Monger (BAM),-2,13d10+78,17
Eyedrake (FTD),+0,14d10+42,16
Eyestalk of Gzemnid (ToFW),-1,15d20+90,18
Ez d'Avenir (RHW),+7,16d8+48,14
Faerie Dragon (Blue) (MM'14),+5,4d4+4,15
Faerie Dragon (Green) (MM'14),+5,4d4+4,15
Faerie Dragon (Indigo) (MM'14),+5,4d4+4,15
Faerie Dragon (Orange) (MM'14),+5,4d4+4,15
Faerie Dragon (Red) (MM'14),+5,4d4+4,15
Faerie Dragon (Violet) (MM'14),+5,4d4+4,15
Faerie Dragon (Yellow) (MM'14),+5,4d4+4,15
Faerie Dragon Adult (MM'25),+5,10d4+10,15
Faerie Dragon Youth (MM'25),+3,6d4+6,13
Falcon (WDH),+3,1d4-1,13
False Lich (VEoR),+3,21d8+105,18
Farastu Demodand (MPP),+1,26d8+78,17
Fastieth (ERLW),+4,2d8,14
Fate Hag (BMT),+2,13d8+13,14
Fated Shaker (MPP),+3,17d8,13 or 16
Fathomer (PotA),+0,8d8+16,10 or 13
Feathergale Knight (PotA),+2,6d8+6,16
Felbarren Dwarf (SKT),+1,2d8+2,16
Felidar (GGR),+3,11d10+33,17
Female Steeder (MPMM),+3,4d10+8,14
Female Steeder (MTF),+3,4d10+8,14
Female Steeder (OotA),+3,4d10+8,14
Fensir Devourer (BGG),+0,12d12+60,17
Fensir Skirmisher (BGG),+2,9d10+45,15
Feral Ashenwight (PaBTSO),+1,10d8+20,16
Ferrumach Rilmani (MPP),+2,16d8+64,18
Fey Spirit (PHB'24),+3,(manual),12 (+)
Fey Spirit (TCE),+3,(manual),12 (+)
Feyr (BAM),+3,16d10,16
Fiend Cultist (MM'25),+5,17d8+51,16
Fiendish Auger (PaBTSO),+0,9d12+27,15
Fiendish Flesh Golem (BGDIA),-1,20d10+100,12
Fiendish Giant Spider (OotA),+3,2d8+2,13
Fiendish Icon (ABH),+1,5d6+5,13
Fiendish Orc (CRCotN),+1,11d8+44,16
Fiendish Spirit (PHB'24),+3,(manual),12 (+)
Fiendish Spirit (TCE),+3,(manual),12 (+)
Firbolg Primeval Warden (BGG),+2,10d8+20,16
Firbolg Wanderer (BGG),+2,12d8+36,16
Fire Elemental (MM'14),+3,12d10+36,13
Fire Elemental (MM'25),+3,11d10+33,13
Fire Elemental Myrmidon (MPMM),+4,19d8+38,18
Fire Elemental Myrmidon (MTF),+4,19d8+38,18
Fire Giant (MM'14),-1,13d12+78,18
Fire Giant (MM'25),+3,13d12+78,18
Fire Giant Dreadnought (MPMM),-1,15d12+90,21
Fire Giant Dreadnought (VGM),-1,15d12+90,21
Fire Giant Forgecaller (BGG),+0,25d12+150,18
Fire Giant of Evil Fire (BGG),-1,12d12+72,18
Fire Giant Royal Headsman (TftYP),-1,13d12+78,18
Fire Giant Servant (TftYP),-1,10d12+40,13
Fire Hellion (BGG),+0,14d12+84,18
Fire Snake (MM'14),+2,5d8,14
Firefist (GGR),+0,18d8+36,18
Firegaunt (BGG),-1,14d12+84,15
Firemane Angel (GGR),+2,18d8+54,18
Firenewt Warlock of Imix (MPMM),+0,6d8+6,10
Firenewt Warlock of Imix (VGM),+0,6d8+6,10 or 13
Firenewt Warrior (MPMM),+1,5d8+5,13
Firenewt Warrior (VGM),+1,4d8+4,16
First-Year Student (SCC),+6,6d8+6,11
Fish (GoS),+3,1d4-1,13
Fist of Bane (BGDIA),+0,4d8+4,18
Five-Armed Troll (WDMM),+1,8d10+40,15
Flail Snail (MPMM),-2,5d10+25,16
Flail Snail (VGM),-2,5d10+25,16
Flameskull (MM'14),+3,9d4+18,13
Flameskull (MM'25),+3,9d4+18,13
Flamewrath (PotA),+2,14d8+42,12 or 15
Flaming Skeleton (MM'25),+2,10d8+20,15
Fleecemane Lion (MOT),+3,6d10+12,15
Flesh Colossus (BGG),-1,16d20+112,14
Flesh Golem (MM'14),-1,11d8+44,9
Flesh Golem (MM'25),-1,15d8+60,9
Flesh Meld (PaBTSO),+2,10d12+30,12
Flind (MPMM),+2,15d8+60,16
Flind (VGM),+0,15d8+60,16
Flitterstep Eidolon (MOT),+4,8d8+8,14
Flumph (MM'14),+2,2d6,12
Flumph (MM'25),+2,2d6,12
Flux Blastseeker (GGR),+2,10d8+10,12 or 15
Fluxcharger (GGR),+4,8d10+16,16
Flying Dagger (BGDIA),+2,3d4,17
Flying Horror (GGR),+5,9d8+9,16
Flying Monkey (ToA),+2,1d6,12
Flying Rocking Horse (WBtW),+0,4d8+4,15
Flying Shield (TftYP),+2,5d6,17
Flying Snake (MM'14),+4,2d4,14
Flying Snake (MM'25),+2,2d4,14
Flying Staff (WDH),+2,5d6,17
Flying Sword (MM'14),+2,5d6,17
Flying Trident (WDMM),+2,5d6,17
Flying Wand (WDMM),+2,5d6,17
Flying Wonder (FRAiF),+2,1d4,12
Fomorian (MM'14),+0,13d12+65,14
Fomorian (MM'25),+0,15d12+75,14
Fomorian Deep Crawler (BGG),+2,16d12+80,14
Fomorian Noble (BGG),+4,22d12+110,14 or 17
Fomorian Warlock of the Dark (BGG),+1,18d12+90,15
Four-Armed Gargoyle (TftYP),+0,7d8+21,15
Four-Armed Statue (OotA),-1,17d10+85,17
Four-Armed Troll (HotDQ),+1,8d10+40,15
Fox (IDRotF),+3,1d4,13
Fractal Mascot (SCC),+2,6d6+6,12
Fraternity of Order Law Bender (MPP),+2,25d8+25,12 or 15
Fraz-Urb'luu (MPMM),+1,27d10+189,18
Fraz-Urb'luu (MTF),+1,27d10+189,18
Frog (MM'14),+1,1d4-1,11
Frog (MM'25),+1,1d4-1,11
Froghemoth (MPMM),+1,14d12+70,14
Froghemoth (VGM),+1,16d12+80,14
Froghemoth Elder (QftIS),+1,18d12+90,14
Frontline Medic (GGR),+0,3d8+6,20
Frost Druid (IDRotF),+1,9d8+27,13
Frost Giant (MM'14),-1,12d12+60,15
Frost Giant (MM'25),+2,13d12+65,15
Frost Giant Everlasting One (MPMM),-1,14d12+98,15
Frost Giant Everlasting One (VGM),-1,14d12+98,15
Frost Giant Ice Shaper (BGG),+0,27d12+135,16
Frost Giant of Evil Water (BGG),+3,15d12+75,16
Frost Giant Servant (TftYP),-1,10d12+40,13
Frost Giant Skeleton (IDRotF),-1,12d12+24,14
Frost Giant Zombie (EGW),-2,12d12+60,15
Frost Salamander (MPMM),+1,16d12+64,17
Frost Salamander (MTF),+1,16d12+64,17
Frost Worm (EGW),-1,16d20+96,18
Frostmourn (BGG),-1,17d12+85,13
Fume Drake (DoSI),+2,5d6+5,12
Fungal Servant (CM),+0,13d8+39,17
Fury of Kostchtchie (BGG),+0,16d12+112,16
Gaj (BAM),+0,10d10+20,16
Galazeth Prismari (SCC),+2,23d20+161,21
Galeb Duhr (MM'14),+2,9d8+45,16
Galeb Duhr (MM'25),+2,13d8+65,16
Gallows Speaker (RHW),+3,10d12+10,13
Gallows Speaker (VRGR),+2,19d8,12
Galvan Magen (IDRotF),+4,8d8+32,14
Galvanic Blastseeker (GGR),+3,8d8+16,13
Galvanice Weird (GGR),+0,3d8+9,12
Gargantua (BGG),+0,21d20+168,17
Gargantuan Rug of Smothering (TftYP),+2,6d20,12
Gargoyle (MM'14),+0,7d8+21,15
Gargoyle (MM'25),+2,9d8+27,15
Gas Spore (MM'14),-4,1d10-4,5
Gas Spore Fungus (MM'25),-4,9d10-36,8
Gauth (MPMM),+2,7d8+21,15
Gauth (VGM),+2,9d8+27,15
Gazer (MPMM),+3,3d4+6,13
Gazer (VGM),+3,3d4+6,13
Gearkeeper Construct (EGW),+3,17d10+68,18
Gelatinous Cube (MM'14),-3,8d10+40,6
Gelatinous Cube (MM'25),-3,6d10+30,6
Gem Stalker (FTD),+2,9d10+18,17
Gennifer Weathermay-Foxgrove (RHW),+2,8d8+8,14
Geryon (MPMM),+3,24d12+144,19
Geryon (MTF),+3,24d12+144,19
Ghallanda Troubleshooter (EFA),+3,12d6+36,14
Ghast (MM'14),+3,8d8,13
Ghast (MM'25),+3,8d8,13
Ghast Gravecaller (MM'25),+3,15d8+30,16
Ghost (MM'14),+1,10d8,11
Ghost (MM'25),+1,10d8,11
Ghost Dragon (FTD),+0,24d12+168,10
Ghostblade Eidolon (MOT),+2,10d8+10,12
Ghoul (MM'14),+2,5d8,12
Ghoul (MM'25),+2,5d8,12
Giant Ape (MM'14),+2,15d12+60,12
Giant Ape (MM'25),+5,16d12+64,12
Giant Axe Beak (MM'25),+5,8d12+32,15
Giant Badger (MM'14),+0,2d8+4,10
Giant Badger (MM'25),+0,2d8+6,13
Giant Bat (MM'14),+3,4d10,13
Giant Bat (MM'25),+3,4d10,13
Giant Boar (MM'14),+0,5d10+15,12
Giant Boar (MM'25),+0,5d10+15,13
Giant Canary (FTD),+2,4d10+4,12
Giant Centipede (MM'14),+2,1d6+1,13
Giant Centipede (MM'25),+2,2d6+2,14
Giant Child (BGG),+0,1d8,10
Giant Constrictor Snake (MM'14),+2,8d12+8,12
Giant Constrictor Snake (MM'25),+2,8d12+8,12
Giant Coral Snake (GoS),+3,12d10+24,13
Giant Corrupted Rat (WttHC),+3,4d6,13
Giant Crab (MM'14),+2,3d8,15
Giant Crab (MM'25),+1,3d8,15
Giant Crayfish (TftYP),+1,7d10+7,15
Giant Crocodile (MM'14),-1,9d12+27,14
Giant Crocodile (MM'25),-1,9d12+27,14
Giant Dragonfly (WBtW),+4,4d10,16
Giant Eagle (MM'14),+3,4d10+4,13
Giant Eagle (MM'25),+3,4d10+4,13
Giant Elk (MM'14),+6,5d12+10,14
Giant Elk (MM'25),+4,5d12+10,14
Giant Fire Beetle (MM'14),+0,1d6+1,13
Giant Fire Beetle (MM'25),+0,1d6+1,13
Giant Fly (DMG'14),+1,3d10+3,11
Giant Fly (DMG'24),+1,3d10+3,11
Giant Flying Spider (WDMM),+3,4d10+4,14
Giant Four-Armed Gargoyle (ToA),+0,14d10+70,17
Giant Frog (MM'14),+1,4d8,11
Giant Frog (MM'25),+1,4d8,11
Giant Gelatinous Cube (WDMM),-4,8d10+40,6
Giant Goat (MM'14),+0,3d10+3,11
Giant Goat (MM'25),+1,3d10+3,11
Giant Goose (BGG),+3,8d10+16,13
Giant Hyena (MM'14),+2,6d10+12,12
Giant Hyena (MM'25),+2,6d10+12,12
Giant Ice Toad (TftYP),+1,7d10+14,14
Giant Insect (PHB'24),+1,(manual),11 (+)
Giant Lightning Eel (TftYP),+3,5d10+15,13
Giant Lizard (MM'14),+1,3d10+3,12
Giant Lizard (MM'25),+1,3d10+3,12
Giant Lynx (BGG),+4,4d8+4,14
Giant Octopus (MM'14),+1,8d10+8,11
Giant Octopus (MM'25),+1,7d10+7,11
Giant Owl (MM'14),+2,3d10+3,12
Giant Owl (MM'25),+2,3d10+3,12
Giant Ox (BGG),+0,10d12+40,12
Giant Poisonous Snake (MM'14),+4,2d8+2,14
Giant Ram (BGG),+1,3d10+12,13
Giant Rat (MM'14),+2,2d6,12
Giant Rat (MM'25),+3,2d6,13
Giant Raven (SKT),+0,3d10+6,10
Giant Riding Lizard (OotA),+1,3d10+3,12
Giant Rocktopus (OotA),+1,8d10+8,11
Giant Scorpion (MM'14),+1,7d10+14,15
Giant Scorpion (MM'25),+1,7d10+14,15
Giant Sea Eel (GoS),+2,3d10+3,14
Giant Sea Horse (MM'14),+2,3d10,13
Giant Seahorse (MM'25),+1,3d10,14
Giant Shark (MM'14),+0,11d12+55,13
Giant Shark (MM'25),+3,8d12+40,13
Giant Shark Skeleton (SDW),+0,11d12+55,13
Giant Skeleton (TftYP),+0,10d12+50,17
Giant Snail (WBtW),-3,4d10,11
Giant Snapping Turtle (ToA),+0,10d10+20,17 or 12
Giant Space Hamster (BAM),+1,4d10,11
Giant Spider (MM'14),+3,4d10+4,14
Giant Spider (MM'25),+3,4d10+4,14
Giant Spider (WttHC),+3,4d10+4,14
Giant Squid (MM'25),+2,16d12+16,12
Giant Strider (MPMM),+1,3d10+6,14
Giant Strider (VGM),+1,3d10+6,14
Giant Subterranean Lizard (TftYP),-1,7d12+21,14
Giant Swan (WBtW),+3,4d10+4,13
Giant Tick (BGG),+0,7d8+21,14
Giant Toad (MM'14),+1,6d10+6,11
Giant Toad (MM'25),+1,6d10+6,11
Giant Venomous Snake (MM'25),+4,2d8+2,14
Giant Vulture (MM'14),+0,3d10+6,10
Giant Vulture (MM'25),+0,3d10+9,10
Giant Walrus (IDRotF),-1,9d12+27,9
Giant Wasp (MM'14),+2,3d8,12
Giant Wasp (MM'25),+2,5d8,13
Giant Weasel (MM'14),+3,2d8,13
Giant Weasel (MM'25),+3,2d8,13
Giant Whirlwyrm (ToFW),+3,16d12+64,17
Giant White Moray Eel (GoS),+2,8d12+8,12
Giant Wolf Spider (MM'14),+3,2d8+2,13
Giant Wolf Spider (MM'25),+3,2d8+2,13
Gibbering Mouther (MM'14),-1,9d8+27,9
Gibbering Mouther (MM'25),-1,7d8+21,9
Gibberling (QftIS),+2,2d6,12
Giff (MPMM),+2,8d8+24,16
Giff (MTF),+2,8d8+24,16
Giff Shipmate (BAM),+2,10d8+30,12
Giff Shock Trooper (BAM),+2,11d8+44,18
Giff Warlord (BAM),+2,21d8+84,17
Gigant (BGG),+2,21d20+105,17
Gingwatzim (CM),+2,6d6+18,12
Girallon (MPMM),+3,7d10+21,13
Girallon (VGM),+3,7d10+21,13
Girallon Zombie (ToA),+1,7d10+21,11
Githyanki Buccaneer (BAM),+2,9d8+18,16
Githyanki Dracomancer (MM'25),+8,30d8+120,18
Githyanki Gish (MPMM),+2,20d8+40,17
Githyanki Gish (MTF),+2,19d8+38,17
Githyanki Kith'rak (MPMM),+3,24d8+72,18
Githyanki Kith'rak (MTF),+3,24d8+72,18
Githyanki Knight (MM'14),+2,14d8+28,18
Githyanki Knight (MM'25),+5,18d8+36,18
Githyanki Star Seer (BAM),+0,17d8+34,13
Githyanki Supreme Commander (MPMM),+3,22d8+88,18
Githyanki Supreme Commander (MTF),+3,22d8+88,18
Githyanki Warrior (MM'14),+2,9d8+9,17
Githyanki Warrior (MM'25),+4,9d8+9,17
Githyanki Xenomancer (BAM),+4,21d8+63,14
Githzerai Anarch (MPMM),+5,17d8+68,20
Githzerai Anarch (MTF),+5,17d8+68,20
Githzerai Enlightened (MPMM),+4,15d8+45,18
Githzerai Enlightened (MTF),+4,15d8+45,18
Githzerai Futurist (MPP),+3,23d8+46,16
Githzerai Monk (MM'14),+2,7d8+7,14
Githzerai Monk (MM'25),+4,7d8+7,14
Githzerai Psion (MM'25),+8,26d8+52,18
Githzerai Traveler (MPP),+2,8d8+8,15
Githzerai Uniter (MPP),+3,19d8+38,16
Githzerai Zerth (MM'14),+4,13d8+26,17
Githzerai Zerth (MM'25),+7,13d8+26,17
Glabrezu (MM'14),+2,15d10+75,17
Glabrezu (MM'25),+6,18d10+90,17
Gladiator (MM'14),+2,15d8+45,16
Gladiator (MM'25),+5,15d8+45,16
Glass Pegasus (WBtW),+2,7d10+21,15 or 13
Glasswork Golem (WBtW),+0,8d8,13
Gloamwing (GGR),+3,16d10+48,16
Gloom Weaver (MTF),+4,16d8+32,14 or 17
Gloomstalker (EGW),+3,12d10+24,15
Gnoll (MM'14),+1,5d8,15
Gnoll Demoniac (MM'25),+4,18d8+54,16
Gnoll Fang of Yeenoghu (MM'14),+2,10d8+20,14
Gnoll Fang of Yeenoghu (MM'25),+4,11d8+22,14
Gnoll Flesh Gnawer (MPMM),+2,4d8+4,14
Gnoll Flesh Gnawer (VGM),+2,4d8+4,14
Gnoll Hunter (MPMM),+2,4d8+4,13
Gnoll Hunter (VGM),+2,4d8+4,13
Gnoll Pack Lord (MM'14),+2,9d8+9,15
Gnoll Pack Lord (MM'25),+4,9d8+9,15
Gnoll Vampire (IDRotF),+4,11d8+44,17
Gnoll Warrior (MM'25),+1,6d8,15
Gnoll Warrior (WttHC),+1,6d8,15
Gnoll Witherling (MPMM),-1,2d8+2,12
Gnoll Witherling (VGM),-1,2d8+2,12
Gnome Ceremorph (IDRotF),+2,13d6+13,16
Gnome Squidling (IDRotF),-1,3d6,8
Goat (MM'14),+0,1d8,10
Goat (MM'25),+0,1d8,10
Goblin (MM'14),+2,2d6,15
Goblin Boss (MM'14),+2,6d6,17
Goblin Boss (MM'25),+2,6d6,17
Goblin Boss Archer (PaBTSO),+2,6d6,17
Goblin Commoner (TftYP),+0,1d6,10
Goblin Gang Member (KKW),+3,3d6,14
Goblin Hexer (MM'25),+3,10d6+10,13
Goblin Minion (MM'25),+2,2d6,12
Goblin Psi Brawler (PaBTSO),+3,7d6+7,15
Goblin Psi Commander (PaBTSO),+4,13d6+13,16
Goblin Warrior (MM'25),+2,3d6,15
Goblin Warrior (WttHC),+2,3d6,15
Gold Dragon Wyrmling (MM'14),+2,8d8+24,17
Gold Dragon Wyrmling (MM'25),+4,8d8+24,17
Gold Greatwyrm (FTD),+3,29d20+261,22
Gold-Forged Sentinel (MOT),+1,8d10+32,16
Golden Stag (HotDQ),+0,2d10+2,10
Golgari Shaman (GGR),+2,16d8+16,14
Goliath Giant-Kin (BGG),+1,9d8+27,18
Goliath Warrior (IDRotF),+0,9d8+27,12
Goliath Werebear (IDRotF),+0,19d8+76,10 or 12
Gorgon (MM'14),+0,12d10+48,19
Gorgon (MM'25),+0,12d10+48,19
Goristro (MM'14),+0,23d12+161,19
Goristro (MM'25),+6,23d12+161,19
Gorzil's Gang Troglodyte (WDMM),+0,2d8+4,14
Granite Juggernaut (VEoR),-4,15d10+75,14
Graveyard Revenant (MM'25),+2,14d12+70,14
Gray Ooze (MM'14),-2,3d8+9,8
Gray Ooze (MM'25),-2,3d8+9,9
Gray Ooze Glob (HotB),-2,3d6+9,9
Gray Render (MPMM),+1,18d10+90,19
Gray Render (MTF),+1,18d10+90,19
Gray Scavver (BAM),+1,3d8+6,12
Gray Slaad (MM'14),+3,17d8+51,18
Gray Slaad (MM'25),+7,20d8+60,18
Graz'zt (MPMM),+2,33d10+165,20
Graz'zt (MTF),+2,33d10+165,20
Greater Death Dragon (DSotDQ),+0,20d12+100,16
Greater Star Spawn Emissary (RHW),+8,21d12+168,15
Greater Star Spawn Emissary (VRGR),+1,20d12+160,15
Greater Zombie (TftYP),+0,13d8+39,15
Green Abishai (MPMM),+3,26d8+78,18
Green Abishai (MTF),+3,25d8+75,18
Green Dragon Wyrmling (MM'14),+1,7d8+7,17
Green Dragon Wyrmling (MM'25),+3,7d8+7,17
Green Greatwyrm (FTD),+2,26d20+260,22
Green Guard Drake (VGM),+0,7d8+21,14
Green Hag (MM'14),+1,11d8+33,17
Green Hag (MM'25),+1,11d8+33,17
Green Slaad (MM'14),+2,15d10+45,16
Green Slaad (MM'25),+5,17d10+51,16
Grell (MM'14),+2,10d8+10,12
Grell (MM'25),+6,10d8+10,12
Grell Psychic (PaBTSO),+2,12d8+12,12 or 15
Gremishka (RHW),+2,7d4+14,14
Gremishka (VRGR),+2,4d4,12
Gremorly's Ghost (BMT),+2,15d8+15,12
Grick (MM'14),+2,6d8,14
Grick (MM'25),+2,12d8,14
Grick Alpha (MM'14),+3,10d10+20,18
Grick Ancient (MM'25),+3,18d10+36,18
Griffon (MM'14),+2,7d10+21,12
Griffon (MM'25),+2,7d10+21,12
Griffon Cavalry Rider (WDH),+2,9d8+18,17
Grim Champion of Bloodshed (BMT),+1,33d8+132,18
Grim Champion of Desolation (BMT),+6,49d8+196,18
Grim Champion of Pestilence (BMT),+4,16d8+48,14 or 17
Grimlock (MM'14),+1,2d8+2,11
Grimlock (MM'25),+1,2d8+2,11
Grinning Cat (BGG),+2,7d10+7,12
Grippli Warrior (CM),+2,3d6+3,12
Groff (SCC),+0,8d10+24,13
Grung (MPMM),+2,2d6+4,12
Grung (VGM),+2,2d6+4,12
Grung Elite Warrior (MPMM),+3,9d6+18,13
Grung Elite Warrior (VGM),+3,9d6+18,13
Grung Wildling (MPMM),+3,5d6+10,16
Grung Wildling (VGM),+3,5d6+10,13 or 16
Guard (MM'14),+1,2d8+2,16
Guard (MM'25),+1,2d8+2,16
Guard (WttHC),+1,2d8+2,16
Guard Captain (MM'25),+4,10d8+30,18
Guard Drake (HotDQ),+0,7d8+21,14
Guard Drake (MPMM),+0,7d8+21,14
Guardian Giant (GGR),+3,11d12+66,19
Guardian Naga (MM'14),+4,15d10+45,18
Guardian Naga (MM'25),+4,16d10+48,18
Guardian of Gorm (QftIS),+0,2d8,16
Guardian Portrait (CoS),-4,5d8,5
Guardian Wolf (EGW),+2,7d12+21,14
Gug (RHW),+6,20d12+120,16
Gulthias Blight (MM'25),+5,16d20+96,20
Gynosphinx (MM'14),+2,16d10+48,17
Hadozee Explorer (BAM),+3,9d8+9,15
Hadozee Shipmate (BAM),+2,2d8,12
Hadozee Warrior (BAM),+3,3d8+3,16
Hadrosaurus (MPMM),+0,3d10+3,11
Hadrosaurus (VGM),+0,3d10+3,11
Haint (JttRC),+2,10d8+30,12
Halaster Horror (WDMM),+1,8d8+24,20
Half-Blue Dragon Gladiator (RoT),+2,15d8+45,16
Half-Dragon (MM'25),+5,14d8+42,18
Half-Green Dragon Assassin (RoT),+3,12d8+24,15
Half-Ogre (Ogrillon) (MM'14),+0,4d10+8,12
Half-Red Dragon Gladiator (RoT),+2,15d8+45,16
Half-Red Dragon Veteran (MM'14),+1,10d8+20,18
Hands of Havoc Fire Starter (MPP),+2,10d8+20,16
Hare (IDRotF),+3,1d4-1,13
Harengon Brigand (WBtW),+3,2d8,14
Harengon Sniper (WBtW),+3,2d8,14
Harkon Lukas (RHW),+14,22d8+88,15
Harmonium Captain (MPP),+0,17d8+34,20
Harmonium Peacekeeper (MPP),+0,7d8+14,18
Harpy (MM'14),+1,7d8+7,11
Harpy (MM'25),+1,7d8+7,11
Harpy Matriarch (GoS),+3,16d8+16,14
Harrow Hawk (BMT),+3,10d4,13
Harrow Hound (BMT),+4,6d8+18,15
Harvester Devil (ABH),+3,10d8+20,14
Hashalaq Quori (ERLW),+2,18d8+18,17
Haunting Revenant (MM'25),+5,14d20+56,20
Hawk (MM'14),+3,1d4-1,13
Hawk (MM'25),+3,1d4-1,13
Hazlik (RHW),+13,28d8+28,16
Hazvongel (VEoR),+5,25d12+75,17
Headless Iron Golem (IDRotF),-1,10d10+50,20
Hell Hound (MM'14),+1,7d8+14,15
Hell Hound (MM'25),+1,9d8+18,15
Hell Hound (WttHC),+1,9d8+18,15
Hellfire Engine (MPMM),+3,16d12+112,18
Hellfire Engine (MTF),+3,16d12+112,18
Hellwasp (BGDIA),+2,8d10+8,19
Hellwasp Grub (BGDIA),+2,1d6+1,13
Helmed Horror (MM'14),+1,8d8+24,20
Helmed Horror (MM'25),+3,9d8+27,20
Helmed Horror Detention Drone (BMT),+1,8d8+24,20
Heralds of Dust Remnant (MPP),+2,7d8+14,12 or 15
Hertilod (VEoR),+4,21d12+105,14
Hexton Modron (MPP),+3,22d12+66,17
Hezrou (MM'14),+3,13d10+65,16
Hezrou (MM'25),+6,15d10+75,18
Hierophant Medusa (BMT),+5,25d10+100,17
Hierophant of the Comet (BMT),+1,18d8+72,15
Hill Giant (MM'14),-1,10d12+40,13
Hill Giant (MM'25),+2,10d12+40,13
Hill Giant Avalancher (BGG),-1,21d12+84,15
Hill Giant Sergeant (TftYP),-1,10d12+40,16
Hill Giant Servant (TftYP),-1,7d10+21,11
Hill Giant Subchief (TftYP),+2,11d12+55,17
Hippocamp (MOT),+2,4d10,13
Hippogriff (MM'14),+1,3d10+3,11
Hippogriff (MM'25),+1,4d10+4,11
Hippopotamus (MM'25),-1,11d10+22,14
Hoard Mimic (FTD),+1,13d12+39,14
Hoard Scarab (FTD),+3,3d4,14
Hobgoblin (MM'14),+1,2d8+2,18
Hobgoblin Captain (MM'14),+2,6d8+12,17
Hobgoblin Captain (MM'25),+4,9d8+18,17
Hobgoblin Devastator (MPMM),+1,7d8+14,13
Hobgoblin Devastator (VGM),+1,7d8+14,13
Hobgoblin Iron Shadow (MPMM),+3,5d8+10,15
Hobgoblin Iron Shadow (VGM),+3,5d8+10,15
Hobgoblin Warlord (MM'14),+2,13d8+39,20
Hobgoblin Warlord (MM'25),+5,15d8+45,20
Hobgoblin Warrior (MM'25),+3,2d8+2,18
Hollow Dragon (FTD),+1,21d12+105,19
Hollyphant (BGDIA),+0,8d6+8,18
Homunculus (MM'14),+2,2d4,13
Homunculus (MM'25),+2,1d4+2,13
Homunculus Servant (EFA),+0,(manual),13
Homunculus Servant (TCE),+2,(manual),13
Hook Horror (MM'14),+0,10d10+20,15
Hook Horror (MM'25),+0,10d10+20,15
Hook Horror Spore Servant (OotA),+0,10d10+10,15
Horizonback Tortoise (EGW),-3,13d20+91,17 or 22
Horncaller (GGR),+1,6d8+12,13
Horned Devil (MM'14),+3,17d10+85,18
Horned Devil (MM'25),+7,19d10+95,18
Horrid Plant (QftIS),-3,5d10+15,6
Hound Archon (MPP),+1,10d8+20,15
Hound of Ill Omen (XGE),+2,5d10+10,14
Howler (MPMM),+3,12d10+24,16
Howler (MTF),+3,12d10+24,16
Howling Hatred Initiate (PotA),+2,2d8,13
Howling Hatred Priest (PotA),+3,10d8,15
Huge Giant Crab (TftYP),+2,14d12+70,15
Huge Gray Ooze (WDMM),-2,16d12+48,8
Huge Ochre Jelly (TftYP),-2,6d12+12,8
Huge Polar Bear (TftYP),+0,5d12+15,12
Huge Stone Golem (SKT),-1,17d12+85,17
Hulgaz (BMT),+0,20d10+80,17
Hulking Crab (SKT),-1,8d12+24,17
Hulking Shadow (DSotDQ),-1,14d10+56,14
Humanoid Mutate (PaBTSO),+4,10d8+20,14
Hundred-Handed One (MOT),+2,18d12+126,15
Hungry Ghast (CoS),+3,2d6,13
Hungry Sorrowsworn (MPMM),+0,30d8+90,17
Hunter Shark (MM'14),+1,6d10+12,12
Hunter Shark (MM'25),+2,6d10+12,12
Hurricane (PotA),+3,6d8+6,14
Husk Zombie (EGW),+0,5d8+15,10
Hutijin (MPMM),+2,16d10+112,19
Hutijin (MTF),+2,16d10+112,19
Hybrid Brute (GGR),+0,8d8+16,18
Hybrid Flier (GGR),+3,6d8+12,13
Hybrid Poisoner (GGR),+4,4d8+8,14
Hybrid Shocker (GGR),+2,6d8+12,12
Hybrid Spy (GGR),+3,4d8+4,13
Hydra (MM'14),+1,15d12+75,15
Hydra (MM'25),+4,16d12+80,15
Hydroloth (MPMM),+5,18d8+54,15
Hydroloth (MTF),+5,18d8+54,15
Hyena (MM'14),+1,1d8+1,11
Hyena (MM'25),+1,1d8+1,11
Hypnos Magen (IDRotF),+2,4d8+16,12
Hythonia (MOT),+3,21d10+84,17
Ice Devil (MM'14),+7,19d10+76,18
Ice Devil (MM'25),+2,24d10+96,18
Ice Mephit (MM'14),+1,6d6,11
Ice Mephit (MM'25),+1,6d6,11
Ice Piercer (IDRotF),+1,3d8+9,15
Ice Spider (SKT),+3,4d10+4,14
Ice Spider Queen (SKT),+3,4d10+4,14
Ice Toad (RoT),+0,5d8+10,12
Ice Troll (IDRotF),-1,10d10+60,16
Ice Troll (RoT),+1,8d10+40,15
Icewind Kobold (IDRotF),+2,2d6+2,14
Icewind Kobold Zombie (IDRotF),-2,3d6+9,9
Illithilich (VGM),+3,18d8+54,17
Illusionist (VGM),+2,7d8+7,12 or 15
Illusionist Wizard (MPMM),+2,8d8+8,12 or 15
Immortal Lotus Monk (CM),+3,10d8+20,15
Imp (MM'14),+3,3d4+3,13
Imp (MM'25),+3,6d4+6,13
Imp Trickster (WttHC),+3,6d4,13
Incarnation of Transience (LFL),+8,15d12+45,16
Incarnation of Vibrance (LFL),+7,20d12+100,14
Incomplete Dragon Skeleton (DSotDQ),+3,9d10+9,15
Incubus (MM'14),+3,12d8+12,15
Incubus (MM'25),+3,12d8+12,15
Indentured Spirit (GGR),+1,3d8,11
Infant Basilisk (OotA),-1,1d4+2,11
Infant Hook Horror (OotA),+0,1d4+2,10
Infected Elder Brain (PaBTSO),+0,18d10+90,10
Infected Townsperson (PaBTSO),+1,9d8+27,13
Initiate of the Comet (BMT),+2,10d8+30,12
Inkling Mascot (SCC),+3,4d4+8,13
Inquisitor of the Mind Fire (RHW),+2,16d8+32,16
Inquisitor of the Mind Fire (VRGR),+2,14d8+14,16
Inquisitor of the Sword (RHW),+2,16d8+48,16
Inquisitor of the Sword (VRGR),+2,14d8+28,16
Inquisitor of the Tome (RHW),+1,16d8+16,14
Inquisitor of the Tome (VRGR),+1,14d8+14,11
Inspired (ERLW),+2,9d8,12 or 15
Intellect Devourer (MM'14),+2,6d4+6,12
Intellect Devourer (MM'25),+2,8d4+8,12
Intellect Snare (PaBTSO),+4,18d6+36,14
Intelligent Black Pudding (WDMM),-2,10d10+30,7
Invisible Stalker (MM'14),+4,16d8+32,14
Invisible Stalker (MM'25),+7,13d10+26,14
Iron Cobra (MTF),+3,7d8+14,13
Iron Consul (BGDIA),+0,6d8+18,16
Iron Defender (ERLW),+2,4d8+12,17
Iron Golem (MM'14),-1,20d10+100,20
Iron Golem (MM'25),+9,24d10+120,20
Ironscale Hydra (MOT),+0,11d20+66,17
Isperia (GGR),+2,18d20+72,17
Istarian Drone (DSotDQ),+0,15d8+60,17
Ivan Dilisnya (RHW),+8,12d8+36,12
Ivana Boritsi (RHW),+9,16d8+32,17
Ixitxachitl (OotA),+3,4d6+4,15
Ixitxachitl Cleric (OotA),+3,4d6+4,15
Jabberwock (WBtW),+1,10d12+50,18
Jackal (MM'14),+2,1d6,12
Jackal (MM'25),+2,1d6,12
Jackalwere (MM'14),+2,4d8,12
Jackalwere (MM'25),+2,4d6+4,12
Jaculi (ToA),+2,3d10,14
Jade Giant Spider (OotA),-1,17d10+85,17
Jammer Leech (BAM),-4,5d4+15,12
Jarad Vod Savo (GGR),+3,24d8+72,17
Jiangshi (RHW),-4,14d8+56,16
Jiangshi (VRGR),-3,14d8+56,16
Jorasco Medic (EFA),+4,9d6+27,16
Juiblex (MPMM),+0,28d12+168,18
Juiblex (MTF),+0,28d12+168,18
Junior Drow Priestess of Lolth (WDMM),+0,5d8+5,13
Juvenile Eldritch Horror (KftGV),+3,16d12+64,17
Juvenile Hook Horror (OotA),+0,6d8+12,13
Juvenile Kraken (GoS),+0,18d12+90,16
Juvenile Mimic (TCE),+1,2d4+2,11
Juvenile Shadow Dragon (MM'25),+4,6d8+18,15
Kakkuu Spyder-Fiend (VEoR),+2,14d8+28,15
Kalaman Soldier (DSotDQ),+1,3d8+3,18
Kalaraq Quori (ERLW),+5,19d8+76,18
Kalashtar (ERLW),+2,3d8+3,12
Kamadan (ToA),+3,9d10+18,13
Kapak Draconian (DSotDQ),+3,6d8+12,15
Karrnathi Undead Soldier (ERLW),+2,7d8+21,17
Keg Robot (AI),+3,6d8+12,14
Kelpie (TftYP),+2,9d8+27,14
Kelubar Demodand (MPP),+1,22d8+88,18
Kender Skirmisher (DSotDQ),+3,4d6,14
Kenku (MM'14),+3,3d8,13
Kenku (MM'25),+3,3d8,13
Ki-rin (MPMM),+3,18d10+54,20
Ki-rin (VGM),+3,16d12+48,20
Kiddywidget (CM),+2,2d6+8,16
Killer Whale (MM'14),+0,12d12+12,12
Killer Whale (MM'25),+2,12d12+12,12
Kindori (BAM),-1,15d20+45,11
Knight (MM'14),+0,8d8+16,18
Knight (MM'25),+0,8d8+16,18
Knight of the Black Sword (IDRotF),+2,6d8+6,13
Knight of the Mithral Shield (SKT),+0,8d8+16,20
Knight of the Order (CoS),+2,16d8+64,13
Knucklehead Trout (IDRotF),+2,2d6,12
Koalinth (GoS),+0,3d8+3,14
Koalinth Sergeant (GoS),+0,6d8+6,14
Kobold (MM'14),+2,2d6-2,12
Kobold Commoner (TftYP),+0,1d6,10
Kobold Dragonshield (MPMM),+2,8d6+16,15
Kobold Dragonshield (VGM),+2,8d6+16,15
Kobold Elite (TftYP),+2,2d6+2,12
Kobold Inventor (MPMM),+2,3d6+3,12
Kobold Inventor (VGM),+2,3d6+3,12
Kobold Scale Sorcerer (MPMM),+2,5d6+10,15
Kobold Scale Sorcerer (VGM),+2,5d6+10,15
Kobold Tinkerer (DoSI),+2,3d6,12
Kobold Underling (EGW),+3,3d6-3,13
Kobold Vampire Spawn (IDRotF),+4,6d6+18,14
Kobold Warrior (MM'25),+2,3d6-3,14
Koi Prawn (JttRC),+2,3d10,13
Kolyarut (MPP),+1,35d8+140,18
Korred (MPMM),+2,11d6+55,17
Korred (VGM),+2,12d6+60,17
Kraken (MM'14),+0,27d20+189,18
Kraken (MM'25),+14,26d20+208,18
Kraken Priest (MPMM),+0,10d8+30,15
Kraken Priest (VGM),+0,10d8+30,10
Kraul Death Priest (GGR),+1,10d8+20,18
Kraul Warrior (GGR),+1,5d8+5,18
Kruthik Hive Lord (MPMM),+3,12d10+36,20
Kruthik Hive Lord (MTF),+3,12d10+36,20
Kundarak Warden (EFA),+1,11d8+33,14
Kuo-toa (MM'14),+0,4d8,13
Kuo-toa (MM'25),+0,4d8,13
Kuo-toa Archpriest (MM'14),+2,13d8+39,13
Kuo-toa Archpriest (MM'25),+2,14d8+42,13
Kuo-toa Marauder (HotB),+0,4d8+4,12
Kuo-toa Monitor (MM'14),+0,10d8+20,13
Kuo-toa Monitor (MM'25),+0,10d8+20,13
Kuo-toa Whip (MM'14),+0,10d8+20,11
Kuo-toa Whip (MM'25),+0,7d8+14,11
Lacedon (TftYP),+2,5d8,12
Lacedon Ghoul (MM'25),+2,5d8,12
Lady Illmarrow (ERLW),+3,21d8+105,19
Lamia (MM'14),+1,13d10+26,13
Lamia (MM'25),+1,13d10+26,13
Lampad (MOT),+1,8d8+16,15
Lantern Archon (MPP),+3,5d6+5,13
Large Mimic (RMBRE),+1,9d8+18,12
Large Mimic (WDMM),+1,9d10+18,12
Larva (DMG'14),-1,2d8,9
Larva (MM'25),-1,2d8,9
Laurie Weathermay-Foxgrove (RHW),+1,10d8+20,16
Lava Child (WDMM),+1,8d8+24,11
Lawmage (GGR),+1,13d8+26,15
Lazav (GGR),+7,24d8+96,18
Lemure (MM'14),-2,3d8,7
Lemure (MM'25),-2,2d8,9
Leonin Iconoclast (MOT),+4,9d8+27,17
Leprechaun (QftIS),+3,8d6+24,13
Lesser Death Dragon (DSotDQ),+0,21d10+84,15
Lesser Mummy Lord (TftYP),+0,13d8+39,17
Lesser Star Spawn Emissary (RHW),+10,21d8+147,19
Lesser Star Spawn Emissary (VRGR),+4,21d8+147,19
Leucrotta (MPMM),+2,9d10+18,14
Leucrotta (VGM),+2,9d10+18,14
Leviathan (MPMM),+7,16d20+160,17
Leviathan (MTF),+7,16d20+160,17
Lich (MM'14),+3,18d8+54,17
Lich (MM'25),+17,42d8+126,20
Lichen Lich (CM),+3,30d8+90,20
Light Devourer (CRCotN),+4,14d8+56,14
Lightning Golem (CM),-1,11d8+44,9
Lightning Hulk (BGG),+5,12d10+36,15
Lion (MM'14),+2,4d10+4,12
Lion (MM'25),+2,4d10,12
Liondrake (FTD),+2,14d10+42,16
Living Bigby's Hand (IDRotF),+0,5d10+25,20
Living Blade of Disaster (IDRotF),+3,9d6+36,14
Living Burning Hands (ERLW),+1,2d8+6,15
Living Cloudkill (ERLW),+2,7d10+35,15
Living Demiplane (IDRotF),+0,7d8,10
Living Doll (WBtW),+0,8d4+8,11
Living Iron Statue (GoS),+2,12d8+48,16
Living Lightning Bolt (ERLW),+2,6d10+24,15
Living Portent (BMT),+3,10d8+20,15
Living Unseen Servant (WDMM),+0,1d8,10
Lizard (MM'14),+0,1d4,10
Lizard (MM'25),+0,1d4,10
Lizard King (MM'14),+1,12d8+24,15
Lizard Queen (MM'14),+1,12d8+24,15
Lizardfolk (MM'14),+0,4d8+4,15
Lizardfolk Commoner (GoS),+0,3d8+3,13
Lizardfolk Geomancer (MM'25),+0,6d8+6,13
Lizardfolk Render (GoS),+0,7d10+14,15
Lizardfolk Scaleshield (GoS),+0,5d8+10,16
Lizardfolk Shaman (MM'14),+0,5d8+5,13
Lizardfolk Sovereign (MM'25),+1,12d8+24,15
Lizardfolk Subchief (GoS),+1,8d8+16,14
Lizardfolk Warden (HotB),+1,5d8+10,15
Locathah (GoS),+1,4d8+4,13
Locathah Hunter (GoS),+2,6d8+6,14
Lonely Sorrowsworn (MPMM),+1,15d8+45,16
Lonelywood Banshee (IDRotF),+2,13d8,12
Lord Soth of Sithicus (RHW),+6,24d8+120,18
Lords' Alliance Guard (OotA),+1,2d8+2,16
Lords' Alliance Spy (OotA),+2,6d8,13
Lorehold Apprentice (SCC),+2,6d8+6,12
Lorehold Pledgemage (SCC),+3,11d8+11,13
Lorehold Professor of Chaos (SCC),+2,17d8+34,12
Lorehold Professor of Order (SCC),+2,16d8+32,12
Lorwyn Giant (LFL),+1,11d12+44,13
Lost Sorrowsworn (MPMM),+1,12d8+24,15
Loup Garou (RHW),+9,22d8+88,17
Loup Garou (VRGR),+4,20d8+80,16
Lunar Dragon Wyrmling (BAM),+1,5d8+15,15
Lycanthropickle (RMBRE),+1,1d6+1,13
Lyrandar Scion (EFA),+3,11d8+11,13
Mad Golem (WDMM),-1,23d12+115,17
Madam Eva (RHW),+4,18d8+36,15
Maelephant (MPP),+0,17d10+68,15
Mage (MM'14),+2,9d8,12 or 15
Mage (MM'25),+2,18d8,15
Mage Apprentice (MM'25),+2,9d8+9,15
Mage Hunter (SCC),+2,10d10+30,15
Mage of Usamigaras (QftIS),+1,2d8,11
Magewright (ERLW),+1,2d8,11
Magma Mephit (MM'14),+1,5d6+5,11
Magma Mephit (MM'25),+1,4d6+4,11
Magmin (MM'14),+2,2d6+2,14
Magmin (MM'25),+2,3d6+3,14
Malaxxix (BMT),+3,25d12+150,17
Male Steeder (MPMM),+1,2d8+4,12
Male Steeder (MTF),+1,2d8+4,12
Male Steeder (OotA),+1,2d8+4,12
Malformed Kraken (TftYP),+0,15d12+75,17
Mammoth (MM'14),-1,11d12+55,13
Mammoth (MM'25),+2,11d12+55,13
Manes (MM'14),-1,2d6+2,9
Manes (MM'25),-1,2d6+2,9
Manes Vaporspawn (MM'25),+1,3d8+6,13
Manticore (MM'14),+3,8d10+24,14
Manticore (MM'25),+3,8d10+24,14
Mantrap (ToA),+2,7d10+7,12
Marid (MM'14),+1,17d10+136,17
Marid (MM'25),+5,17d10+136,17
Marilith (MM'14),+5,18d10+90,18
Marilith (MM'25),+10,21d10+105,16
Martial Arts Adept (MPMM),+3,11d8+11,16
Martial Arts Adept (VGM),+3,11d8+11,16
Marut (MPMM),+1,32d10+256,22
Marut (MTF),+1,32d10+256,22
Maschin-i-Bozorg (QftIS),+3,9d10+45,17
Master of Cruelties (GGR),+3,15d10+45,18
Master of Souls (BGDIA),+2,6d8+18,12
Master Sage (CM),+0,12d8,10
Master Thief (MPMM),+4,13d8+26,16
Master Thief (VGM),+4,13d8+26,16
Mastiff (MM'14),+2,1d8+1,12
Mastiff (MM'25),+2,1d8+1,12
Maurezhi (MPMM),+3,16d8+16,15
Maurezhi (MTF),+3,16d8+16,15
Maw Demon (MPMM),-1,6d8+6,13
Maw Demon (VGM),-1,6d8+6,13
Maw of Yeenoghu (BGG),+0,14d12+70,15
Meazel (MPMM),+3,10d8-10,13
Meazel (MTF),+3,10d8-10,13
Mechachimera (OoW),+0,12d10+48,14
Mechanical Bird (WDH),+0,1,15
Medani Inquisitive (EFA),+0,7d8+14,14
Medusa (MM'14),+6,17d8+51,15
Medusa (MM'25),+3,17d8+51,15
Medusa (MOT),+6,17d8+51,15
Medusa (WttHC),+3,17d8+51,15
Meenlock (MPMM),+2,7d6+7,15
Meenlock (VGM),+2,7d6+7,15
Meeseeks (RMBRE),+0,(manual),10
Megapede (BAM),+0,13d20+39,15
Meletian Hoplite (MOT),+2,9d8+9,18
Memory Web (QftIS),+4,6d10+6,14
Mercane (BAM),+0,10d10+20,13
Mercykiller Bloodhound (MPP),+1,16d8+48,18
Merfolk (MM'14),+1,2d8+2,11
Merfolk Salvager (GoS),+2,4d8+4,12
Merfolk Scout (GoS),+2,3d8+3,13
Merfolk Skirmisher (MM'25),+1,2d8+2,11
Merfolk Wavebender (MM'25),+4,15d8+30,14
Merregon (MPMM),+2,6d8+18,16
Merregon (MTF),+2,6d8+18,16
Merrenoloth (MPMM),+3,9d8,13
Merrenoloth (MTF),+3,9d8,13
Merrow (MM'14),+0,6d10+12,13
Merrow (MM'25),+2,6d10+12,13
Merrow Doublespeaker (LFL),+3,9d8+27,14
Merrow Extortionist (DoSI),+0,4d10+8,13
Merrow Haranguer (LFL),+4,12d8+36,14
Merrow Shallowpriest (EGW),+2,10d10+20,15
Metal Wasp (WDMM),+2,3d8,16
Metallic Peacekeeper (FTD),+0,8d8+32,17
Metallic Warbler (FTD),+2,4d4+4,14
Mezzoloth (MM'14),+0,10d8+30,18
Mezzoloth (MM'25),+3,10d8+30,18
Mi-Go (RHW),+6,16d8+48,16
Mighty Servant of Leuk-o (TCE),+2,27d12+135,22
Mimic (MM'14),+1,9d8+18,12
Mimic (MM'25),+3,9d8+18,12
Mimic Chair (CM),+1,9d8+18,12
Mind Drinker Vampire (GGR),+4,10d8+10,14
Mind Flayer (MM'14),+1,13d8+13,15
Mind Flayer (MM'25),+4,18d8+18,15
Mind Flayer Arcanist (MM'14),+1,13d8+13,15
Mind Flayer Arcanist (MM'25),+6,26d8+26,16
Mind Flayer Clairvoyant (PaBTSO),+1,24d8+48,15
Mind Flayer Nothic (PaBTSO),+3,6d8+18,15
Mind Flayer Prophet (PaBTSO),+2,15d8+30,17
Mind Flayer Psion (VGM),+1,13d8+13,15
Mind Mage (GGR),+2,11d8,12 or 15
Mind's Eye Matter Smith (MPP),+2,12d8+24,12 or 15
Mindwitness (MPMM),+2,10d10+20,15
Mindwitness (VGM),+2,10d10+20,15
Minotaur (MM'14),+0,9d10+27,14
Minotaur Archaeologist (BMT),+0,4d8,11
Minotaur Infiltrator (BMT),+0,8d8+16,13
Minotaur Living Crystal Statue (GoS),-1,16d10+48,15
Minotaur of Baphomet (MM'25),+0,10d10+30,14
Minotaur Skeleton (MM'14),+0,9d10+18,12
Minotaur Skeleton (MM'25),+0,6d10+12,12
Mirror Shade (VEoR),+3,14d8+28,13
Mist Horror (RHW),+2,7d10+7,13
Mist Hulk (BGG),+5,9d10+45,15
Mist Wanderer (RHW),+2,8d8+16,13
Modron Duodrone (MM'25),+1,2d8+2,15
Modron Monodrone (MM'25),+2,1d8+1,15
Modron Pentadrone (MM'25),+2,5d10+5,16
Modron Planar Incarnate (ToFW),+0,18d20+144,20
Modron Quadrone (MM'25),+2,4d8+4,16
Modron Tridrone (MM'25),+1,3d8+3,15
Moloch (MPMM),+4,22d10+132,19
Moloch (MTF),+4,22d10+132,19
Molten Magma Roper (PotA),-1,11d10+33,20
Molydeus (MPMM),+6,16d12+112,19
Molydeus (MTF),+6,16d12+112,19
Monastic High Curator (CRCotN),+3,20d8+40,19
Monastic Infiltrator (CRCotN),+5,15d8+45,18
Monastic Operative (CRCotN),+4,13d8+26,17
Mongrelfolk (CoS),-1,4d8+8,11
Monodrone (MM'14),+1,1d8+1,15
Monstrous Peryton (GoS),+2,17d10+51,14
Moonlight Guardian (VEoR),-1,14d8+42,16
Moonshark (CRCotN),+0,11d12+55,13
Moonstone Dragon Wyrmling (FTD),+2,6d8+12,17
Moorbounder (EGW),+2,4d10+8,13
Mordakhesh (ERLW),+3,20d8+80,18
Mordenheim's Monster (RHW),+7,19d8+76,18
Morkoth (MPMM),+2,22d10+44,17
Morkoth (VGM),+2,20d8+40,17
Mother Lorinda (RHW),+7,14d8+42,18
Mountain Goat (IDRotF),+1,2d8+4,11
Mouth of Grolantor (MPMM),+0,10d12+40,14
Mouth of Grolantor (VGM),+0,10d12+40,14
Mud Hulk (BGG),-1,8d10+24,13
Mud Mephit (MM'14),+1,6d6+6,11
Mud Mephit (MM'25),+1,3d6+3,11
Mule (MM'14),+0,2d8+2,10
Mule (MM'25),+0,2d8+2,10
Mummy (MM'14),-1,9d8+18,11
Mummy (MM'25),-1,9d8+18,11
Mummy Lord (MM'14),+0,13d8+39,17
Mummy Lord (MM'25),+10,25d8+75,17
Murder Comet (BAM),+2,7d8+35,19
Musteval Guardinal (MPP),+3,11d6,13
Mutated Drow (WDMM),+0,16d12+96,14
Myconid Adult (MM'14),+0,4d8+4,12
Myconid Adult (MM'25),+0,3d8+3,12
Myconid Adult (WttHC),+0,3d8+3,12
Myconid Sovereign (MM'14),+0,8d10+16,13
Myconid Sovereign (MM'25),+0,6d10+12,13
Myconid Spore Servant (MM'25),+1,5d8+15,13
Myconid Sprout (MM'14),+0,2d6,10
Myconid Sprout (MM'25),+0,1d6,10
Nabassu (MPMM),+2,20d8+100,18
Nabassu (MTF),+2,20d8+100,18
Nagpa (MPMM),+2,37d8+37,19
Nagpa (MTF),+2,34d8+34,19
Naiad (CM),+3,7d8,15
Naiad (MOT),+3,7d8,15
Nalfeshnee (MM'14),+0,16d10+96,18
Nalfeshnee (MM'25),+5,16d10+96,18
Narzugon (MPMM),+0,15d8+45,20
Narzugon (MTF),+0,15d8+45,20
Necrichor (RHW),+3,10d8+40,14
Necrichor (VRGR),+2,9d8+27,12
Necromancer (VGM),+2,12d8+12,12 or 15
Necromancer Wizard (MPMM),+2,20d8+20,12 or 15
Necromite of Myrkul (BGDIA),+1,2d8+4,11
Necrotic Centipede (BGDIA),+1,17d12+85,17
Needle Blight (MM'14),+1,2d8+2,12
Needle Blight (MM'25),+1,3d8+3,12
Needle Blight (WttHC),+1,3d8+3,12
Neh-thalggu (BAM),-1,10d10+40,14
Neogi (MPMM),+3,6d6+12,15
Neogi (VGM),+3,6d6+12,15
Neogi Hatchling (MPMM),+1,3d4,11
Neogi Hatchling (VGM),+1,3d4,11
Neogi Hatchling Swarm (BAM),+1,8d8+16,11
Neogi Master (MPMM),+3,11d8+22,15
Neogi Master (VGM),+3,11d8+22,15
Neogi Pirate (BAM),+2,6d6+12,16
Neogi Void Hunter (BAM),+3,9d8+18,14
Neothelid (MPMM),-1,15d20+75,16
Neothelid (VGM),-1,21d20+105,16
Nereid (TftYP),+3,8d8+8,13
Nergaliid (EGW),+1,4d10+20,12
Night Blade (BGDIA),+2,2d8+2,12
Night Hag (MM'14),+5,15d8+45,17
Night Hag (MM'25),+2,15d8+45,17
Night Scavver (BAM),+2,12d12+36,14
Nightgaunt (RHW),+8,16d10+48,16
Nightmare (MM'14),+2,8d10+24,13
Nightmare (MM'25),+2,8d10+24,13
Nightmare Shepherd (MOT),+2,14d10+56,18
Nightsea Chil-liren (JttRC),+1,2d8+2,11
Nightveil Specter (GGR),+4,14d8+42,17
Nightwalker (MPMM),+4,25d12+175,14
Nightwalker (MTF),+4,22d12+154,14
Nilbog (MPMM),+2,2d6,13
Nilbog (VGM),+2,2d6,13
Nimblewright (WDH),+4,6d8+18,18
Nimblewright Guard (FRAiF),+6,9d8+27,16
Nimblewright Hulk (FRAiF),+7,11d10+44,18
Nimblewright Steed (FRAiF),+6,5d10+20,16
Niv-Mizzet (GGR),+2,19d20+171,22
Nivix Cyclops (GGR),-1,10d10+60,14
Noble (MM'14),+1,2d8,15
Noble (MM'25),+1,2d8,15
Noble Prodigy (MM'25),+7,27d8+27,16
Noggle Ransacker (LFL),+2,3d6+3,12
Noggle Wild Mage (LFL),+3,4d6+8,13
Nonaton Modron (MPP),+1,19d10+57,16
Nosferatu (VRGR),+4,9d8+45,17
Nothic (MM'14),+3,6d8+18,15
Nothic (MM'25),+3,6d8+18,15
Nupperibo (MPMM),+0,2d8+2,13
Nupperibo (MTF),+0,2d8+2,13
Nycaloth (MM'14),+0,13d10+52,18
Nycaloth (MM'25),+4,16d10+64,18
Nyx-Fleece Ram (MOT),+2,5d8+5,14
Oaken Bolter (MTF),+4,9d8+18,16
Oblex Spawn (MPMM),+3,4d4+8,13
Oblex Spawn (MTF),+3,4d4+8,13
Obzedat Ghost (GGR),+0,20d8+20,14 (+)
Occult Extollant (CRCotN),+2,14d8+28,12
Occult Initiate (CRCotN),+2,12d8+12,12
Occult Silvertongue (CRCotN),+3,17d8+51,13
Ochre Jelly (MM'14),-2,6d10+12,8
Ochre Jelly (MM'25),-2,7d10+14,8
Octon Modron (MPP),+2,22d10+66,18
Octopus (MM'14),+2,1d6,12
Octopus (MM'25),+2,1d6,12
Oculorb (PaBTSO),+0,15d10+45,13
Oddlewin (BMT),+2,6d6,13
Ogre (MM'14),-1,7d10+21,11
Ogre (MM'25),-1,8d10+24,11
Ogre Battering Ram (MPMM),-1,9d10+27,11
Ogre Battering Ram (MTF),-1,7d10+21,14
Ogre Bolt Launcher (MPMM),+1,7d10+21,13
Ogre Bolt Launcher (MTF),+1,7d10+21,13
Ogre Chain Brute (MPMM),-1,7d10+21,11
Ogre Chain Brute (MTF),-1,7d10+21,11
Ogre Goblin Hucker (SKT),-1,7d10+21,11
Ogre Howdah (MPMM),-1,7d10+21,15
Ogre Howdah (MTF),-1,7d10+21,13
Ogre Skeleton (TftYP),-1,7d10+21,11
Ogre Zombie (MM'14),-2,9d10+36,8
Ogre Zombie (MM'25),-2,9d10+36,8
Ogrillon Ogre (MM'25),+0,7d10+14,12
Oinoloth (MPMM),+3,14d8+56,17
Oinoloth (MTF),+3,12d10+60,17
Old Troglodyte (WDMM),+0,2d8+4,11
One-Eyed Shiver (PotA),+2,9d8+9,12 or 15
Oni (MM'14),+0,13d10+39,16
Oni (MM'25),+0,14d10+42,17
Ooze Master (TftYP),-4,12d12+60,9
Oracle (MOT),+2,8d8+8,15
Oracle of Strixhaven (SCC),+2,20d8+60,12
Orc (MM'14),+1,2d8+6,13
Orc Blade of Ilneval (VGM),+0,8d8+24,18
Orc Claw of Luthic (VGM),+2,6d8+18,14
Orc Commoner (TftYP),+0,1d8,10
Orc Eye of Gruumsh (MM'14),+1,6d8+18,16
Orc Hand of Yurtrus (VGM),+0,4d8+12,12
Orc Nurtured One of Yurtrus (VGM),-1,4d8+12,9
Orc Red Fang of Shargaas (VGM),+3,8d8+16,15
Orc War Chief (MM'14),+1,11d8+44,16
Orcus (MPMM),+2,30d12+210,17 or 20
Orcus (MTF),+2,30d12+210,17 or 20
Oread (MOT),+2,9d8+9,16
Orien Enforcer (EFA),+6,10d8+10,16
Oriq Blood Mage (SCC),+2,15d8+60,16
Oriq Recruiter (SCC),+2,10d8+10,16
Orog (MM'14),+1,5d8+20,18
Orthon (MPMM),+3,10d10+50,17
Orthon (MTF),+3,10d10+50,17
Orzhov Giant (GGR),+1,8d10+40,18
Otherworldly Corrupter (BMT),+6,29d8+87,19
Otherworldly Steed (PHB'24),+1,(manual),10 (+)
Otyugh (MM'14),+0,12d10+48,14
Otyugh (MM'25),+0,11d10+44,14
Otyugh Mutate (PaBTSO),+0,8d10+32,16
Owl (MM'14),+1,1d4-1,11
Owl (MM'25),+1,1d4-1,11
Owlbear (MM'14),+1,7d10+21,13
Owlbear (MM'25),+1,7d10+21,13
Ox (MPMM),+0,2d10+4,10
Ox (VGM),+0,2d10+4,10
Panopticus Wizard (WDH),+0,2d8,10
Panther (MM'14),+2,3d8,12
Panther (MM'25),+3,3d8,13
Paper Bird (WBtW),+3,1d4-1,13
Paper Whirlwind (RoT),+2,7d8-7,12
Parasite-infested Behir (CM),+3,16d12+64,17
Pari (JttRC),+5,19d8+95,16
Pazrodine (BMT),+4,20d20+120,20
Peacock (BGDIA),+0,1d8+1,10
Pech (DitLCoT),+0,11d6+44,17
Pech (QftIS),+0,11d6+44,17
Pegasus (MM'14),+2,7d10+21,12
Pegasus (MM'25),+2,7d10+21,12
Pentadrone (MM'14),+2,5d10+5,16
Performer (MM'25),+3,5d8+5,13
Performer Legend (MM'25),+9,25d8+50,20
Performer Maestro (MM'25),+7,17d8+34,18
Peryton (MM'14),+1,6d8+6,13
Peryton (MM'25),+3,6d8+6,13
Pest Mascot (SCC),+2,4d4+12,13
Petrifying Death's Head (RHW),+1,6d4+6,16
Phaerimm Agent (FRAiF),+4,19d10+19,15
Phaerimm Elder (NF),+8,23d12+69,17
Phaerimm Hatchling (FRAiF),+1,3d6+3,12
Phaerimm Scout (NF),+3,8d8+8,13
Phantom Warrior (Archer) (CoS),+0,6d8+18,16
Phantom Warrior (CoS),+0,6d8+18,16
Phase Spider (MM'14),+2,5d10+5,13
Phase Spider (MM'25),+3,7d10+7,14
Phisarazu Spyder-Fiend (VEoR),+2,20d10+60,17
Phoenix (MPMM),+8,10d20+70,18
Phoenix (MTF),+8,10d20+70,18
Phylaskia (MOT),+2,11d10+44,18
Piercer (MM'14),+1,3d8+9,15
Piercer (MM'25),+3,3d8+9,15
Pig (SKT),+0,1d8+1,11
Piranha (MM'25),+3,1d4-1,13
Pirate (MM'25),+5,6d8+6,14
Pirate Admiral (MM'25),+10,28d8+56,20
Pirate Bosun (GoS),+0,5d8+5,12
Pirate Captain (GoS),+2,7d8+14,14
Pirate Captain (MM'25),+7,13d8+26,17
Pirate Deck Wizard (GoS),+2,5d8+10,12 or 15
Pirate First Mate (GoS),+0,4d8+8,16
Pit Fiend (MM'14),+2,24d10+168,19
Pit Fiend (MM'25),+14,27d10+189,21
Pixie (MM'14),+5,1d4-1,15
Pixie (MM'25),+5,6d4-6,15
Pixie Wonderbringer (MM'25),+5,24d4,15
Planar Incarnate (MPP),+0,18d20+144,20
Planetar (MM'14),+5,16d10+112,19
Planetar (MM'25),+10,21d10+147,19
Plasmoid Boss (BAM),+1,11d10+22,11
Plasmoid Explorer (BAM),+1,3d8+3,11
Plasmoid Warrior (BAM),+2,11d8+22,16
Plesiosaurus (MM'14),+2,8d10+24,13
Plesiosaurus (MM'25),+2,8d10+24,13
Podling (VRGR),+0,4d8+8,10
Poison Weird (WDMM),+3,9d10+9,13
Poisonous Snake (MM'14),+3,1d4,13
Polar Bear (MM'14),+0,5d10+15,12
Polar Bear (MM'25),+2,5d10+15,12
Polar Serpent (FRAiF),+4,9d10+9,14
Poltergeist (MM'14),+2,5d8,12
Poltergeist (MM'25),+2,5d8,12
Polukranos (MOT),+2,15d20+75,17
Pony (MM'14),+0,2d8+2,10
Pony (MM'25),+0,2d8+2,10
Pral (HotB),+3,8d8+16,14
Precognitive Mage (GGR),+1,14d8,11 or 14
Priest (MM'14),+0,5d8+5,13
Priest (MM'25),+0,7d8+7,13
Priest Acolyte (MM'25),+0,2d8+2,13
Priest of Osybus (RHW),+2,8d8+24,12
Priest of Osybus (VRGR),+2,8d8+24,14
Primeval Owlbear (MM'25),+5,12d12+48,16
Prismari Apprentice (SCC),+2,8d8+8,12
Prismari Pledgemage (SCC),+2,12d8+12,12
Prismari Professor of Expression (SCC),+3,15d8+30,13
Prismari Professor of Perfection (SCC),+3,15d8+30,13
Prophetess Dran (AI),+0,5d8+5,14
Pseudodragon (MM'14),+2,2d4+2,13
Pseudodragon (MM'25),+2,3d4+3,14
Psionic Ashenwight (PaBTSO),+1,12d8+24,16
Psionic Shambling Mound (PaBTSO),-1,16d10+48,15
Psurlon (BAM),+2,7d8+14,15
Psurlon Leader (BAM),+2,17d8+51,15
Psurlon Ringer (BAM),+0,7d8,13
Psychic Gray Ooze (MM'25),-1,5d8+15,9
Pterafolk (ToA),+1,4d10+4,12
Pteranodon (MM'14),+2,3d8,13
Pteranodon (MM'25),+2,3d8,13
Purple Worm (MM'14),-1,15d20+90,18
Purple Worm (MM'25),+3,15d20+90,18
Purple Wormling (SKT),-1,5d10+15,12
Quadrone (MM'14),+2,4d8+4,16
Quadrone Detention Drone (BMT),+2,4d8+4,16
Quaggoth (MM'14),+1,6d8+18,13
Quaggoth (MM'25),+1,6d8+18,13
Quaggoth Spore Servant (MM'14),+1,6d8+18,13
Quaggoth Thonot (MM'14),+1,6d8+18,13
Quaggoth Thonot (MM'25),+1,9d8+27,15
Quandrix Apprentice (SCC),+1,8d8+8,11
Quandrix Pledgemage (SCC),+2,12d8+12,12
Quandrix Professor of Substance (SCC),+2,16d8+32,12
Quandrix Professor of Theory (SCC),+2,15d8+30,12
Quasit (MM'14),+3,3d4,13
Quasit (MM'25),+3,10d4,13
Quavilithku Spyder-Fiend (VEoR),+3,27d10+108,19
Questing Knight (MM'25),+7,27d8+81,18
Quetzalcoatlus (MPMM),+1,4d12+4,13
Quetzalcoatlus (VGM),+1,4d12+4,13
Quickling (MPMM),+6,3d4+3,16
Quickling (VGM),+6,3d4+3,16
Quipper (MM'14),+3,1d4-1,13
Radiant Idol (ERLW),+4,15d10+60,18
Rak Tulkhesh (ERLW),+4,33d12+264,23 or 25
Rakdos (GGR),+2,24d12+144,20
Rakdos Lampooner (GGR),+1,5d8+5,12
"Rakdos Performer, Blade Juggler (GGR)",+3,4d8+4,13
"Rakdos Performer, Fire Eater (GGR)",+3,4d8+4,13
"Rakdos Performer, High-Wire Acrobat (GGR)",+3,4d8+4,13
Raklupis Spyder-Fiend (VEoR),+5,28d10+56,19
Rakshasa (MM'14),+3,13d8+52,16
Rakshasa (MM'25),+8,26d8+104,17
Ramya Vasavadan (RHW),+15,20d8+100,18
Rat (MM'14),+0,1d4-1,10
Rat (MM'25),+0,1d4-1,10
Raven (MM'14),+2,1d4-1,12
Raven (MM'25),+2,1d4,12
Razerblast (PotA),+0,15d8+75,17
Razorvine Blight (MPP),+2,5d8+5,12
Reanimated Companion (RHW),+0,(manual),10 (+)
Reaper of Bhaal (BGDIA),+5,5d8+5,15
Reaper Spirit (BMT),+3,(manual),11 (+)
Reckoner (GGR),+1,8d8+16,18
Red Abishai (MPMM),+3,34d8+136,22
Red Abishai (MTF),+3,30d8+120,22
Red Dragon Wyrmling (MM'14),+0,10d8+30,17
Red Dragon Wyrmling (MM'25),+2,10d8+30,17
Red Greatwyrm (FTD),+2,26d20+260,22
Red Guard Drake (VGM),+0,7d8+21,14
Red Slaad (MM'14),+1,11d10+33,14
Red Slaad (MM'25),+1,11d10+33,14
Red Wizard (RoT),+2,9d8,12 or 15
Redbrand Ruffian (LMoP),+2,3d8+3,14
Redbrand Ruffian (PaBTSO),+0,3d8+3,11
Redcap (MPMM),+1,6d6+24,14
Redcap (VGM),+1,6d6+24,13
Reduced-Threat Aboleth (TftYP),-1,(manual),17
Reduced-Threat Basilisk (TftYP),-1,(manual),15
Reduced-Threat Behir (TftYP),+3,(manual),17
Reduced-Threat Beholder (TftYP),+2,(manual),18
Reduced-Threat Black Pudding (TftYP),-2,(manual),7
Reduced-Threat Carrion Crawler (TftYP),+1,(manual),13
Reduced-Threat Clay Golem (TftYP),-1,(manual),14
Reduced-Threat Darkmantle (TftYP),+1,(manual),11
Reduced-Threat Displacer Beast (TftYP),+2,(manual),13
Reduced-Threat Dragon Turtle (TftYP),+0,(manual),20
Reduced-Threat Ettercap (TftYP),+2,(manual),13
Reduced-Threat Flesh Golem (TftYP),-1,(manual),9
Reduced-Threat Glabrezu (TftYP),+2,(manual),17
Reduced-Threat Gray Ooze (TftYP),-2,(manual),8
Reduced-Threat Helmed Horror (TftYP),+1,(manual),20
Reduced-Threat Hezrou (TftYP),+3,(manual),16
Reduced-Threat Hook Horror (TftYP),+0,(manual),15
Reduced-Threat Ochre Jelly (TftYP),-2,(manual),8
Reduced-Threat Otyugh (TftYP),+0,(manual),14
Reduced-Threat Owlbear (TftYP),+1,(manual),13
Reduced-Threat Peryton (TftYP),+1,(manual),13
Reduced-Threat Remorhaz (TftYP),+1,(manual),17
Reduced-Threat Stone Golem (TftYP),-1,(manual),17
Reduced-Threat Vrock (TftYP),+2,(manual),15
Reduced-Threat Wight (TftYP),+2,(manual),14
Reduced-Threat Wyvern (TftYP),+0,(manual),13
Reef Shark (MM'14),+1,4d8+4,12
Reef Shark (MM'25),+2,4d8+4,12
Reflection (TCE),+2,3d8+3,12
Refraction of Ilvaash (PaBTSO),+0,21d12+63,11
Regenerating Black Pudding (OotA),-2,10d10+30,7
Reghed Chieftain (IDRotF),+2,15d8+45,16
Reghed Great Warrior (IDRotF),+2,15d8+45,16
Reghed Shaman (IDRotF),+1,5d8+5,11 or 16
Reghed Warrior (IDRotF),+0,2d8+2,12
Regisaur (BGG),-1,11d20+66,17
Reigar (BAM),+2,15d8+15,19
Reindeer (IDRotF),+0,2d10+2,10
Relentless Impaler (VEoR),+3,16d10+96,16
Relentless Juggernaut (RHW),+1,16d10+80,16
Relentless Juggernaut (VRGR),+1,14d10+84,17
Relentless Nightmare (RHW),+8,17d8+68,17
Relentless Slasher (RHW),+4,14d8+28,15
Relentless Slasher (VRGR),+4,13d8+26,15
Relic Sloth (SCC),-1,8d12+24,13
Remorhaz (MM'14),+1,17d12+85,17
Remorhaz (MM'25),+5,17d12+85,17
Replica Duodrone (OoW),+1,2d8+2,15
Replica Monodrone (OoW),+1,1d8+1,15
Replica Pentadrone (OoW),+2,5d10+5,16
Replica Quadrone (OoW),+2,4d8+4,16
Replica Tridrone (OoW),+1,3d8+3,15
Retriever (MPMM),+3,20d10+100,19
Retriever (MTF),+3,20d10+100,19
Returned Drifter (MOT),+2,2d8+2,13
Returned Kakomantis (MOT),+3,10d8+20,15
Returned Palamnite (MOT),+3,10d8+20,15
Returned Sentry (MOT),+2,4d8+4,15
Revenant (MM'14),+2,16d8+64,13
Revenant (MM'25),+2,15d8+60,13
Rhinoceros (MM'14),-1,6d10+12,11
Rhinoceros (MM'25),-1,6d10+12,13
Riding Horse (MM'14),+0,2d10+2,10
Riding Horse (MM'25),+1,2d10+2,11
Riffler (BMT),+3,20d6+20,15
Rime Hulk (BGG),+0,9d10+36,15
Rip Tide Priest (GoS),+0,8d8+16,13
Riverine (JttRC),+4,24d10+72,14
Roc (MM'14),+0,16d20+80,15
Roc (MM'25),+8,16d20+80,15
Rock Gnome Recluse (DIP),+0,2d6,10 or 13
Rooster (JttRC),+3,1d4-1,13
Roper (MM'14),-1,11d10+33,20
Roper (MM'25),+5,11d10+33,20
Rot Troll (MPMM),+1,12d10+72,16
Rot Troll (MTF),+1,12d10+72,16
Rothé (VGM),+0,2d10+4,10
Rowboat Mimic (WDMM),+1,9d10+18,12
Rubblebelt Stalker (GGR),+2,2d8+2,14
Rudolph van Richten (RHW),+2,14d8+42,13
Rug of Smothering (MM'14),+2,6d10,12
Ruidium Elephant (CRCotN),-1,12d12+60,16
Ruin Grinder (SCC),+1,11d10+22,16
Ruin Spider (BMT),+4,14d10+28,16
Runed Behir (WDMM),+3,16d12+64,17
Runic Colossus (BGG),-1,18d20+126,20
Rust Monster (MM'14),+1,5d8+5,14
Rust Monster (MM'25),+1,6d8+6,14
Rusted Behemoth (FRAiF),+0,15d12+60,18
Rusted Berserker (FRAiF),+2,11d8+33,16
Rusted Wyrm (FRAiF),+6,14d20+84,20
Rutterkin (MPMM),+2,5d8+15,12
Rutterkin (MTF),+2,5d8+15,12
Saber-Toothed Tiger (MM'14),+2,7d10+14,12
Saber-Toothed Tiger (MM'25),+3,7d10+14,13
Sacred Statue (MPMM),-1,10d10+40,19
Sacred Statue (MTF),-1,10d10+40,19
Sacred Stone Monk (PotA),+2,4d8+4,14
Sage (CM),+0,5d8,10
Sahuagin (MM'14),+0,4d8+4,12
Sahuagin Baron (MM'14),+2,9d10+27,16
Sahuagin Baron (MM'25),+5,9d10+27,16
Sahuagin Blademaster (GoS),+1,15d8+30,20
Sahuagin Champion (GoS),+2,13d8+13,16
Sahuagin Coral Smasher (GoS),+1,6d8+6,14
Sahuagin Deep Diver (GoS),+3,14d8+28,15
Sahuagin Hatchling Swarm (GoS),+4,8d10+8,14
Sahuagin High Priestess (GoS),+1,11d8+22,14
Sahuagin Priest (MM'25),+0,7d8+7,12
Sahuagin Priestess (MM'14),+0,6d8+6,12
Sahuagin Warlock of Uk'otoa (EGW),+0,5d8,14
Sahuagin Warrior (MM'25),+0,4d8+4,12
Sahuagin Wave Shaper (GoS),+1,11d8+11,14
Saidra d'Honaire (RHW),+11,12d8+36,13
Salamander (MM'14),+2,12d10+24,15
Salamander (MM'25),+2,12d10+24,15
Salamander Fire Snake (MM'25),+2,6d8,14
Salamander Inferno Master (MM'25),+8,27d10+108,18
Sapphire Dragon Wyrmling (FTD),+2,6d8+18,16
Sapphire Greatwyrm (FTD),+2,26d20+234,21
Sapphire Sentinel (CM),-1,17d10+85,17
Satyr (MM'14),+3,7d8,14
Satyr (MM'25),+3,7d8,13
Satyr Reveler (MOT),+3,6d8+6,13
Satyr Revelmaster (MM'25),+7,15d8+15,17
Satyr Thornbearer (MOT),+4,7d8+7,15
Scaladar (WDMM),+0,7d12+49,19
Scarecrow (MM'14),+1,8d8,11
Scarecrow (MM'25),+3,6d8,11
Scarecrow (WttHC),+3,6d8,11
Scholarly Agent (CRCotN),+1,4d8+4,11
Scholarly Excavator (CRCotN),+2,9d8+27,16
Scholarly Mastermind (CRCotN),+2,15d8+15,12
Scion of Grolantor (BGG),+2,23d20+161,18
Scion of Memnor (BGG),+4,32d20+320,20
Scion of Skoraeus (BGG),+5,24d20+192,19
Scion of Stronmaus (BGG),+5,32d20+320,20
Scion of Surtur (BGG),+3,28d20+252,20
Scion of Thrym (BGG),+3,27d20+216,19
Scorchbringer Guard (GGR),+2,2d8+2,16
Scorpion (MM'14),+0,1d4-1,11
Scorpion (MM'25),+0,1d4-1,11
Scout (MM'14),+2,3d8+3,13
Scout (MM'25),+2,3d8+3,13
Scout Captain (MM'25),+5,12d8+12,15
Scrag (TftYP),+1,8d10+40,15
Scufflecup Teacup (SCC),+2,2d4,12
Scuttling Serpentmaw (CRCotN),+2,10d6+30,17
Sea Elf (SKT),+1,2d8+2,11
Sea Elf Scout (DSotDQ),+2,3d8+3,13
Sea Fury (EGW),+2,14d8+42,14
Sea Hag (MM'14),+1,7d8+21,14
Sea Hag (MM'25),+1,7d8+21,14
Sea Horse (MM'14),+1,1d4-1,11
Sea Lion (TftYP),+2,12d10+24,15
Sea Spawn (MPMM),-1,5d8+10,11
Sea Spawn (VGM),-1,5d8+10,11
Seahorse (MM'25),+1,1d4-1,12
Seal (IDRotF),+1,2d8,11
Sentient Gray Ooze (TftYP),-2,3d8+9,8
Sentient Ochre Jelly (TftYP),-2,6d10+12,8
Sentinel Marshal (EFA),+10,20d8+20,16
Septon Modron (MPP),+2,24d10+72,17
Sergeant (ERLW),+1,2d8+2,16
Sergeant (WDH),+1,2d8+2,16
Servitor Thrull (GGR),+1,4d6+8,11
Setessan Hoplite (MOT),+3,9d8+18,16
Shadar-kai Gloom Weaver (MPMM),+4,16d8+32,14
Shadar-kai Shadow Dancer (MPMM),+3,13d8+13,15
Shadar-kai Soul Monger (MPMM),+3,21d8+42,15
Shadow (MM'14),+2,3d8+3,12
Shadow (MM'25),+2,5d8+5,12
Shadow (WttHC),+2,5d8+5,12
Shadow Assassin (WDMM),+4,12d8+24,14
Shadow Dancer (MTF),+3,13d8+13,15
Shadow Demon (MM'14),+3,12d8+12,13
Shadow Demon (MM'25),+3,12d8+12,14
Shadow Dragon (MM'25),+14,18d12+72,16
Shadow Horror (GGR),+3,16d10+32,13
Shadow Mastiff (MPMM),+2,6d8+6,12
Shadow Mastiff (VGM),+2,6d8+6,12
Shadow Mastiff Alpha (MPMM),+2,8d8+8,12
Shadow Spirit (TCE),+3,(manual),11 (+)
Shadow-Marked Agent (EFA),+5,24d8+24,17
Shadowghast (EGW),+8,9d8+9,15
Shadowmoor Giant (LFL),+2,15d12+75,14
Shadrix Silverquill (SCC),+2,22d20+132,21
Shambling Mound (MM'14),-1,16d10+48,15
Shambling Mound (MM'25),-1,13d10+39,15
Shapechanged Roper (WDMM),-1,11d10+33,20
Shard Shunner (WDH),+2,6d6+6,12
Sharkbody Abomination (EGW),+1,6d10+12,12
Shator Demodand (MPP),+2,23d10+69,19
Sheep (SKT),+0,1d6,10
Shell Shark (GoS),+1,5d8+10,18
Shemeshka (MPP),+2,25d8+50,17
Shield Dwarf Guard (SKT),+1,2d8+2,16
Shield Dwarf Noble (SKT),+1,2d8,15
Shield Guardian (MM'14),-1,15d10+60,17
Shield Guardian (MM'25),-1,15d10+60,17
Shifter (ERLW),+3,3d8+6,14
Shoggoth (RHW),+7,15d12+75,15
Shoosuva (MPMM),+1,16d10+48,14
Shoosuva (VGM),+1,13d10+39,14
Shrieker (MM'14),-4,3d8,5
Shrieker Fungus (MM'25),-4,3d8,5
Shrieker Fungus (WttHC),-4,3d8,5
Sibriex (MPMM),-3,12d12+72,19
Sibriex (MTF),-3,12d12+72,19
Silver Dragon Wyrmling (MM'14),+0,6d8+18,17
Silver Dragon Wyrmling (MM'25),+2,6d8+18,17
Silver Greatwyrm (FTD),+3,29d20+261,22
Silverquill Apprentice (SCC),+2,8d8+8,12
Silverquill Pledgemage (SCC),+3,12d8+12,13
Silverquill Professor of Radiance (SCC),+2,15d8+30,12
Silverquill Professor of Shadow (SCC),+2,15d8+30,12
Simic Merfolk (GGR),+1,2d8+2,11
Sir Jared (BMT),+1,12d8+36,20
Sire of Insanity (GGR),-2,15d12+60,17
Sivak Draconian (DSotDQ),+0,6d10+24,16
Sivis Scribe (EFA),+2,16d6,15
Skeletal Alchemist (GoS),+1,5d8+10,11
Skeletal Bloodfin (CRCotN),+2,11d10+33,16
Skeletal Juggernaut (GoS),+2,19d10+38,13
Skeletal Knight (DSotDQ),+0,15d8+45,18
Skeletal Rats (BGDIA),+0,7d8-7,10
Skeletal Riding Horse (DIP),+0,2d10+2,10
Skeletal Swarm (GoS),+2,8d10+16,13
Skeleton (MM'14),+2,2d8+4,13
Skeleton (MM'25),+3,2d8+4,14
Skeleton Key (ToA),+2,2d8+4,13
Skittering Horror (GGR),+3,24d12+72,17
Skitterwidget (CM),+2,10d8+40,18
Skulk (MPMM),+4,4d8,14
Skulk (MTF),+4,4d8,14
Skull Flier (SLW),+2,3d8,16
Skull Lasher of Myrkul (BGDIA),+2,5d8+10,12
Skull Lord (MPMM),+3,15d8+45,18
Skull Lord (MTF),+3,14d8+42,18
Skum (GoS),+0,11d8+44,14
Skyjek Roc (GGR),+1,5d10+10,15
Skyswimmer (GGR),+2,16d20+48,18
Skyweaver (PotA),+2,8d8+8,12 or 15
Slaad Tadpole (MM'14),+2,4d4,12
Slaad Tadpole (MM'25),+2,3d4,12
Sled Dog (RoT),+2,2d8+2,13
Slithering Bloodfin (CRCotN),+2,11d10+33,16
Slithering Tracker (MPMM),+4,6d8+12,14
Slithering Tracker (VGM),+4,5d8+10,14
Smoke Mephit (MM'14),+2,5d6+5,12
Smoke Mephit (MM'25),+2,3d6+3,12
Snake Horror (RoT),+1,8d8+24,20
Sneak (HoL),+1,2d6+2,13
Snow Golem (IDRotF),-2,6d8+12,8
Snow Leopard (TftYP),+2,5d10+10,12
Snow Maiden (CoS),+2,5d8,12
Snowy Owlbear (IDRotF),+1,7d10+21,13
Society of Sensation Muse (MPP),+3,8d8+8,14
Solar (MM'14),+6,18d10+144,21
Solar (MM'25),+20,22d10+176,21
Solar Bastion Knight (BMT),+0,20d8+60,20
Solar Dragon Wyrmling (BAM),+2,6d8+24,15
Soldier (GGR),+1,3d8+3,18
Sorrowfish (CRCotN),+3,1d4-1,13
Soul Monger (MTF),+3,19d8+38,15
Soul Shaker (JttRC),-1,8d10+32,13
Space Clown (BAM),+3,9d8+18,13
Space Eel (BAM),+4,2d6,14
Space Guppy (BAM),+3,1d6,13
Space Hamster (BAM),+5,4d4,15
Space Hamster (WDMM),+0,1d4-1,10
Space Mollymawk (BAM),+2,1d6,12
Space Swine (BAM),+1,4d8+4,11
Spawn of Kyuss (MPMM),+0,9d8+36,10
Spawn of Kyuss (VGM),+0,9d8+36,10
Speaker Devil (ABH),+4,18d10+90,17
Spectator (MM'14),+2,6d8+12,14
Spectator (MM'25),+2,7d8+14,14
Specter (MM'14),+2,5d8,12
Specter (MM'25),+2,5d8,12
Spectral Cloud (BGG),+1,18d12+72,11
Spellcaster (ESK),+1,2d8,12
Spellcaster (Healer) (DC),+1,12d8,13
Spellcaster (Healer) (SDW),+1,10d8,13
Spellcaster (Healer) (SLW),+1,8d8,13
Spellcaster (Mage) (DC),+1,12d8,13
Spellcaster (Mage) (SDW),+1,10d8,13
Spellcaster (Mage) (SLW),+1,8d8,13
Sperm Whale (IDRotF),-1,14d20+42,13
Sphinx of Judgment (GGR),+2,16d10+48,17
Sphinx of Lore (MM'25),+10,20d10+60,17
Sphinx of Secrets (MM'25),+5,16d10+48,16
Sphinx of Valor (MM'25),+12,19d10+95,17
Sphinx of Wonder (MM'25),+3,7d4+7,13
Spider (MM'14),+2,1d4-1,12
Spider (MM'25),+2,1d4-1,12
Spiderdragon (VEoR),+4,16d12+48,17
Spiked Tomb Guardian (ToA),-1,11d8+44,17
Spined Devil (MM'14),+2,5d6+5,13
Spined Devil (MM'25),+2,10d6+10,13
Spirit Dragon Wyrmling (FRAiF),+3,8d8+16,16
Spirit Naga (MM'14),+3,10d10+20,15
Spirit Naga (MM'25),+3,18d10+36,17
Spirit Statue Mascot (SCC),-1,4d8+8,14
Spirit Troll (MPMM),+3,20d10+20,17
Spirit Troll (MTF),+3,15d10+15,17
Spitting Mimic (IDRotF),+1,10d10+30,14
Splugoth the Returned (AI),+2,6d6+6,15
Spore of Moander (FRAiF),-1,20d12+100,19
Spore Servant Octopus (DoSI),+3,8d10+8,11
Spotted Lion (BGG),+2,7d12+21,15
Spring Eladrin (MPMM),+3,22d8+66,19
Spring Eladrin (MTF),+3,17d8+51,19
Sprite (MM'14),+4,1d4,15
Sprite (MM'25),+4,4d4,15
Sprite Skirmisher (HotB),+4,4d4,15
Spy (MM'14),+2,6d8,12
Spy (MM'25),+4,6d8,12
Spy Master (MM'25),+9,25d8+25,19
Squire (HoL),+0,2d8+2,12
Ssurran Defiler (BAM),+1,7d8+21,16
Ssurran Poisoner (BAM),+1,4d8+4,16
Stalker of Baphomet (BGG),+3,16d12+96,17
Star Angler (VEoR),+2,14d10+42,15
Star Spawn Grue (MPMM),+1,5d6,11
Star Spawn Grue (MTF),+1,5d6,11
Star Spawn Hulk (MPMM),-1,13d10+65,16
Star Spawn Hulk (MTF),-1,13d10+65,16
Star Spawn Larva Mage (MPMM),+1,16d8+96,16
Star Spawn Larva Mage (MTF),+1,16d8+96,16
Star Spawn Mangler (MPMM),+9,13d8+13,14
Star Spawn Mangler (MTF),+4,13d8+13,14
Star Spawn Seer (MPMM),+1,18d8+72,17
Star Spawn Seer (MTF),+1,18d8+72,17
Starlight Apparition (BAM),+0,16d8,10
Statue of Talos (SLW),+0,14d10+70,17
Statue of Vergadain (WDMM),-1,17d10+85,17
Steam Mephit (MM'14),+0,6d6,10
Steam Mephit (MM'25),+0,5d6,10
Steel Defender (EFA),+1,(manual),12 (+)
Steel Defender (TCE),+1,(manual),15
Steel Predator (MPMM),+3,18d10+108,20
Steel Predator (MTF),+3,18d10+108,20
Stegosaurus (MPMM),-1,8d12+24,13
Stegosaurus (VGM),-1,8d12+24,13
Stench Kow (MPMM),+0,2d10+4,10
Stench Kow (VGM),+0,2d10+4,10
Stirge (MM'14),+3,1d4,14
Stirge (MM'25),+3,2d4,13
Stomping Foot (OoW),+2,1d4,12
Stone Cursed (MPMM),-2,3d8+6,17
Stone Cursed (MTF),-2,3d8+4,17
Stone Defender (MTF),+0,7d8+21,16
Stone Dragon Statue (TftYP),-1,17d10+85,17
Stone Giant (MM'14),+2,11d12+55,17
Stone Giant (MM'25),+5,11d12+55,17
Stone Giant Dreamwalker (MPMM),+2,14d12+70,18
Stone Giant Dreamwalker (VGM),+2,14d12+70,18
Stone Giant of Evil Earth (BGG),+1,11d12+66,20
Stone Giant Rockspeaker (BGG),+2,24d12+120,19
Stone Giant Statue (SKT),-1,17d12+85,17
Stone Golem (MM'14),-1,17d10+85,17
Stone Golem (MM'25),+3,21d10+105,18
Stone Juggernaut (ToA),+1,15d10+75,15
Stone Warrior (PotA),-1,17d10+85,17
Stonecloak (WDMM),-1,17d10+85,17
Stonemelder (PotA),+0,10d8+30,17
Storm Crab (BGG),+0,10d20+50,18
Storm Giant (MM'14),+7,20d12+100,16
Storm Giant (MM'25),+2,20d12+100,16
Storm Giant Quintessent (MPMM),+2,20d12+100,12
Storm Giant Quintessent (VGM),+2,20d12+100,12
Storm Giant Skeleton (CM),+2,24d12+48,13
Storm Giant Tempest Caller (BGG),+2,27d12+135,17
Storm Herald (BGG),+2,23d12+138,16
Strahd Skeleton (RHW),+1,10d8+20,16
Strahd von Zarovich (RHW),+9,24d8+96,16
Strahd Zombie (CoS),-2,4d8+12,8
Strigoi (RHW),+2,7d8+21,16
Strigoi (VRGR),+2,7d8+21,16
Strixhaven Campus Guide (SCC),+2,7d6+7,17
Su-monster (ToA),+2,5d8+5,12
Succubus (MM'14),+3,12d8+12,15
Succubus (MM'25),+3,13d8+13,15
Sul Khatesh (ERLW),+5,50d10+200,22
Summer Eladrin (MPMM),+5,22d8+66,19
Summer Eladrin (MTF),+5,17d8+51,19
Sunder Shaman (GGR),+2,12d12+60,20
Sunfly (MPP),+3,1d4,13
Svirfneblin Wererat (OotA),+2,6d8+6,12
Swanmay (FRAiF),+4,11d8+22,14
Swarm of Animated Books (CM),+1,4d8+4,12
Swarm of Bats (MM'14),+2,5d8,12
Swarm of Bats (MM'25),+2,2d10,12
Swarm of Beetles (MM'14),+1,5d8,12
Swarm of Books (WDH),+2,5d8,12
Swarm of Campestris (WBtW),-1,6d8,12
Swarm of Centipedes (MM'14),+1,5d8,12
Swarm of Corrupted Rats (WttHC),+2,6d8,12
Swarm of Cranium Rats (MPMM),+2,17d8,12
Swarm of Cranium Rats (VGM),+2,8d8,12
Swarm of Crawling Claws (MM'25),+2,11d8,12
Swarm of Dretches (MM'25),+0,6d10+12,12
Swarm of Gibberlings (QftIS),+2,7d10,12
Swarm of Gremishkas (RHW),+2,7d4+14,14
Swarm of Gremishkas (VRGR),+2,7d6,12
Swarm of Hoard Scarabs (FTD),+3,7d8,14
Swarm of Infesting Insects (RHW),+2,6d8+6,13
Swarm of Insects (MM'14),+1,5d8,12
Swarm of Insects (MM'25),+1,3d8+6,11
Swarm of Larvae (MM'25),+0,3d10+6,13
Swarm of Lemures (MM'25),-1,6d10+12,12
Swarm of Maggots (VRGR),+1,5d8,11
Swarm of Mechanical Spiders (WDH),+1,5d8,12
Swarm of Piranhas (MM'25),+3,8d8-8,13
Swarm of Poisonous Snakes (MM'14),+4,8d8,14
Swarm of Quippers (MM'14),+3,8d8-8,13
Swarm of Rats (MM'14),+0,7d8-7,10
Swarm of Rats (MM'25),+0,4d8-4,10
Swarm of Ravenous Insects (RHW),+2,6d8+12,13
Swarm of Ravens (MM'14),+2,7d8-7,12
Swarm of Ravens (MM'25),+2,2d8+2,12
Swarm of Rot Grubs (MPMM),-1,5d8,8
Swarm of Rot Grubs (VGM),-1,5d8,8
Swarm of Scarabs (VRGR),+2,5d8+5,13
Swarm of Sorrowfish (CRCotN),+4,16d8+32,14
Swarm of Spiders (MM'14),+1,5d8,12
Swarm of Stirges (MM'25),+3,8d8,14
Swarm of Sunflies (MPP),+3,5d8,13
Swarm of Undead Snakes (EGW),+4,8d8,14
Swarm of Venomous Snakes (MM'25),+4,8d8,14
Swarm of Wasps (MM'14),+1,5d8,12
Swarm of Zombie Limbs (RHW),+2,4d8+8,12
Swarm of Zombie Limbs (VRGR),+0,5d8,10
Swashbuckler (MPMM),+4,12d8+12,17
Swashbuckler (VGM),+4,12d8+12,17
Swavain Basilisk (EGW),+3,10d12+20,16
Sword Wraith Commander (MPMM),+2,15d8+60,18
Sword Wraith Commander (MTF),+2,15d8+60,18
Sword Wraith Warrior (MPMM),+1,6d8+18,16
Sword Wraith Warrior (MTF),+1,6d8+18,16
Tabaxi Hunter (ToA),+3,9d8,14
Tabaxi Minstrel (ToA),+2,5d8,12
Talon Beast (BMT),+2,12d10+48,14
Tanarukk (MPMM),+1,10d8+50,14
Tanarukk (VGM),+1,10d8+50,14
Tanazir Quandrix (SCC),+2,24d20+192,21
Tarkanan Assassin (ERLW),+3,7d8+14,15
Tarkanan Marauder (EFA),+7,26d8+130,16
Tarkanan Ruffian (EFA),+1,5d8+10,13
Tarrasque (MM'14),+0,33d20+330,25
Tarrasque (MM'25),+18,34d20+340,25
Telepathic Pentacle (IDRotF),+1,15d12+75,15
Tempest Spirit (BGG),+2,17d12+85,12
Terracotta Warrior (ToA),+0,6d8+6,18
Terran Magen (NF),+3,22d8+22,21
Tharashk Hunter (EFA),+4,15d8+30,16
Thayan Apprentice (TftYP),+2,5d8+5,12 or 15
Thayan Warrior (TftYP),+1,8d8+16,16
The Angry (MTF),+0,30d8+120,18
The Bagman (VRGR),+1,8d10+40,15
The Hungry (MTF),+0,30d8+90,17
The Lonely (MTF),+1,15d8+45,16
The Lord of Blades (ERLW),+2,23d8+92,19
The Lost (MTF),+1,12d8+24,15
The Wretched (MTF),+1,4d6-4,15
Theran Chimera (MOT),+1,10d10+40,15
Thessalhydra (HftT),+1,6d12+30,14
Thorn Slinger (TftYP),+1,5d10+5,11
Thorny (VGM),+1,5d8+5,14
Thorny Vegepygmy (MPMM),+1,5d8+5,14
Thought Spy (GGR),+2,6d8,13
Thri-kreen (MM'14),+2,6d8+6,15
Thri-kreen Gladiator (BAM),+4,19d8+57,17
Thri-kreen Hunter (BAM),+3,11d8+11,16
Thri-kreen Marauder (MM'25),+2,6d8+6,15
Thri-kreen Mystic (BAM),+2,18d8+18,15
Thri-kreen Psion (MM'25),+5,23d8+46,16
Thug (MM'14),+0,5d8+10,11
Thunderbeast Skeleton (SKT),+0,8d12+16,15
Tiefling Acrobat (KftGV),+0,1d8,10
Tiger (MM'14),+2,5d10+10,12
Tiger (MM'25),+3,4d10+8,13
Time Dragon Wyrmling (MPP),+0,10d8+30,17
Tin Soldier (WBtW),+0,6d6+6,18
Tiny Servant (XGE),+3,4d4,15
Titanothere (BGG),+0,13d12+52,16
Titivilus (MPMM),+6,20d8+60,20
Titivilus (MTF),+6,17d8+51,20
Tlacatecolo (JttRC),+3,12d8+24,13
Tlexolotl (JttRC),+0,11d12+33,15
Tlincalli (MPMM),+1,10d10+30,15
Tlincalli (VGM),+1,10d10+30,15
Tomb Dwarf (ToA),+2,6d8+18,14
Tomb Guardian (ToA),-1,11d8+44,17
Tomb Tapper (IDRotF),+0,18d12+90,17
Topaz Dragon Wyrmling (FTD),+1,6d8+6,16
Topaz Greatwyrm (FTD),+2,26d20+234,21
Tortle (MPMM),+0,4d8+4,17
Tortle (MTF),+0,4d8+4,17
Tortle Druid (MPMM),+0,6d8+6,17
Tortle Druid (MTF),+0,6d8+6,17
Tough (MM'25),+1,5d8+10,12
Tough Boss (MM'25),+2,11d8+33,16
Tower Hand (QftIS),+2,4d8+4,14
Tower Sage (QftIS),+0,5d8,10 or 13
Transcendent Order Conduit (MPP),+4,15d8+30,18
Transcendent Order Instinct (MPP),+3,9d8+9,16
Transmuter (VGM),+2,9d8,12 or 15
Transmuter Wizard (MPMM),+2,11d8,12 or 15
Trapper (MPMM),+0,8d10+24,13
Trapper (VGM),+0,10d10+30,13
Treant (MM'14),-1,12d12+60,16
Treant (MM'25),+3,12d12+60,16
Treant Sapling (WBtW),-1,6d10+12,14
Tree Blight (CoS),+0,8d12+40,15
Tree Blight (MM'25),+3,10d12+50,15
Tressym (BGDIA),+2,2d4,12
Tressym (SKT),+2,2d4,12
Tri-flower Frond (ToA),+2,2d8+2,10
Tribal Warrior (MM'14),+0,2d8+2,12
Tribal Warrior Spore Servant (IDRotF),+0,2d8+2,12
Triceratops (MM'14),-1,10d12+30,13
Triceratops (MM'25),-1,12d12+36,14
Tridrone (MM'14),+1,3d8+3,15
Triton Master of Waves (MOT),+0,14d8+42,15
Triton Shorestalker (MOT),+3,5d8+10,13
Troglodyte (MM'14),+0,2d8+4,11
Troglodyte (MM'25),+0,2d8+4,11
Troglodyte Champion of Laogzed (OotA),+1,7d8+28,14
Troll (MM'14),+1,8d10+40,15
Troll (MM'25),+1,9d10+45,15
Troll Amalgam (BGG),+2,14d20+70,15
Troll Limb (MM'25),+1,4d6,13
Troll Mutate (BGG),+1,10d10+40,16
Tromokratis (MOT),+0,21d20+189,22
Trostani (GGR),+2,24d10+120,17
Tsucora Quori (ERLW),+2,8d8+32,16
Twig Blight (MM'14),+1,1d6+1,13
Twig Blight (MM'25),+2,2d6,14
Two-Headed Cerberus (MOT),+2,6d8+12,12
Two-Headed Troll (OotA),+1,8d10+40,15
Typhon (MOT),+0,17d12+85,17
Tyrannosaurus Rex (MM'14),+0,13d12+52,13
Tyrannosaurus Rex (MM'25),+3,13d12+52,13
Tyrannosaurus Zombie (ToA),-2,13d12+52,11
Udaak (EGW),+2,10d20+60,18
Ulitharid (MPMM),+1,17d10+14,15
Ulitharid (VGM),+1,17d10+14,15
Ultroloth (MM'14),+3,18d8+72,19
Ultroloth (MM'25),+8,26d8+104,19
Umber Hulk (MM'14),+1,11d10+33,18
Umber Hulk (MM'25),+4,11d10+33,18
Umbragen Shadow Walker (EFA),+4,25d8+50,14
Undead Bulette (WDMM),+0,9d10+45,17
Undead Cockatrice (OoW),+1,6d6+6,11
Undead Shambling Mound (WDMM),-1,16d10+48,15
Undead Soldier (DSotDQ),+2,6d8+18,18
Undead Spirit (PHB'24),+3,(manual),11 (+)
Undead Spirit (TCE),+3,(manual),11 (+)
Undead Tree (BGDIA),-1,12d12+60,16
Undercity Medusa (GGR),+4,16d8+48,16
Underworld Cerberus (MOT),+1,11d10+44,16
Undying Councilor (ERLW),+0,16d8+32,17
Undying Soldier (ERLW),+1,4d8+8,17
Unicorn (MM'14),+2,9d10+18,12
Unicorn (MM'25),+8,13d10+26,12
Unspeakable Horror (RHW),+4,12d12+48,13
Unspeakable Horror (VRGR),+1,10d10+40,15 or 17
Uthgardt Barbarian Leader (SKT),+2,9d8+27,14
Uthgardt Shaman (SKT),+1,7d8+7,13
Vadalis Heir (EFA),+3,8d8+16,14
Valenar Hawk (ERLW),+4,4d4,14
Valenar Hound (ERLW),+2,3d8+6,14
Valenar Steed (ERLW),+3,3d10+6,13
Vampirate (BAM),+2,5d8+20,14
Vampirate Captain (BAM),+3,10d8+40,15
Vampirate Mage (BAM),+2,8d8+32,14
Vampire (MM'14),+4,17d8+68,16
Vampire (MM'25),+14,23d8+92,16
Vampire Familiar (MM'25),+5,10d8+20,15
Vampire Infernalist (ABH),+13,23d8+69,16
Vampire Mind Flayer (RHW),+4,10d8+40,15
Vampire Nightbringer (MM'25),+4,19d8+57,16
Vampire Nosferatu (RHW),+7,9d8+45,16
Vampire Spawn (MM'14),+3,11d8+33,15
Vampire Spawn (MM'25),+3,12d8+36,16
Vampire Spellcaster (MM'14),+4,17d8+68,16
Vampire Umbral Lord (MM'25),+4,22d8+88,16
Vampire Warden (ABH),+2,21d8+96,18
Vampire Warrior (MM'14),+4,17d8+68,18
Vampiric Ixitxachitl (OotA),+4,8d8+8,16
Vampiric Ixitxachitl Cleric (OotA),+4,8d8+8,16
Vampiric Jade Statue (GoS),+2,12d10+48,14
Vampiric Mind Flayer (VRGR),+4,10d8+40,15
Vampiric Mist (MPMM),+3,4d8+12,13
Vampiric Mist (MTF),+3,4d8+12,13
Vargouille (MPMM),+2,4d4+8,12
Vargouille (VGM),+2,3d4+6,12
Vargouille Reflection (MPP),+2,5d4+10,12
Vecna Impersonator (ToFW),+4,8d8+16,14
Vegepygmy (MPMM),+2,3d6+3,13
Vegepygmy (VGM),+2,2d6+2,13
Vegepygmy Chief (MPMM),+2,6d6+12,14
Vegepygmy Chief (VGM),+2,6d6+12,14
Vegepygmy Moldmaker (QftIS),+2,8d6+16,15
Vegepygmy Scavenger (QftIS),+2,3d6+3,13
Vegepygmy Thorny Hunter (QftIS),+2,5d8+5,14
Veiled Presence (BMT),+7,40d8+120,20
Velociraptor (MPMM),+2,3d4+3,13
Velociraptor (VGM),+2,3d4+3,13
Velomachus Lorehold (SCC),+2,25d20+225,21
Venom Troll (MPMM),+1,9d10+45,15
Venom Troll (MTF),+1,9d10+45,15
Venomous Snake (MM'25),+2,2d4,12
Verbeeg Longstrider (IDRotF),+2,14d10+42,14
Verbeeg Marauder (IDRotF),+0,10d10+30,14
Veteran (MM'14),+1,9d8+18,17
Veteran of the Gauntlet (OotA),+1,9d8+18,17
Viktra Mordenheim (RHW),+3,19d8+38,15
Vine Blight (MM'14),-1,4d8+4,12
Vine Blight (MM'25),-1,3d8+6,12
Vine Blight Tangler (WttHC),-1,3d8,12
Violet Fungus (DoSI),-4,4d8,5
Violet Fungus (MM'14),-4,4d8,5
Violet Fungus (MM'25),-4,4d8,5
Violet Fungus (WttHC),-4,4d8,5
Violet Fungus Necrohulk (MM'25),+4,13d10+52,17
Virvos Magen (NF),+3,17d8+34,21
Vistana Assassin (CoS),+3,12d8+24,15
Vistana Bandit (CoS),+1,2d8+2,12
Vistana Bandit Captain (CoS),+3,10d8+20,15
Vistana Commoner (CoS),+0,1d8,10
Vistana Guard (CoS),+1,2d8+2,16
Vistana Spy (CoS),+2,6d8,12
Vistana Thug (CoS),+0,5d8+10,11
Vladeska Drakov (RHW),+6,20d8+80,18
Vlazok (VEoR),+4,16d10+48,17
Void Scavver (BAM),+3,15d12+60,15
Vox Seeker (EGW),+0,2d4+2,14
Vrock (MM'14),+2,11d10+44,15
Vrock (MM'25),+2,16d10+64,15
Vulkoori Stingblade (EFA),+4,6d8,14
Vulkoori Venom Priest (EFA),+3,8d8+8,15
Vulture (MM'14),+0,1d8+1,10
Vulture (MM'25),+0,1d8+1,10
Walking Corpse (CoS),+0,1d8,10
Walking Statue of Waterdeep (WDH),-1,17d20+136,17
Walrus (IDRotF),-1,3d10+6,9
War Priest (MPMM),+0,18d8+36,18
War Priest (VGM),+0,18d8+36,18
Warden Archon (MPP),+0,16d10+48,18
Warforged Colossus (ERLW),+0,20d20+200,23
Warforged Soldier (ERLW),+1,4d8+12,16
Warforged Titan (ERLW),-1,10d12+60,20
Warforged Warrior (VEoR),+1,4d8+12,16
Warhorse (MM'14),+1,3d10+3,11
Warhorse (MM'25),+1,3d10+3,11
Warhorse Skeleton (MM'14),+1,3d10+6,13
Warhorse Skeleton (MM'25),+1,3d10+6,13
Warlock of the Archfey (MPMM),+3,15d8,13 or 16
Warlock of the Archfey (VGM),+1,11d8,11 or 14
Warlock of the Fiend (MPMM),+3,12d8+24,13 or 16
Warlock of the Fiend (VGM),+2,12d8+24,12 or 15
Warlock of the Great Old One (MPMM),+3,14d8+28,13 or 16
Warlock of the Great Old One (VGM),+2,14d8+28,12 or 15
Warlord (MPMM),+3,27d8+108,18
Warlord (VGM),+3,27d8+108,18
Warrior (DC),+2,12d8+24,21
Warrior (ESK),+1,2d8+4,16
Warrior (SDW),+2,10d8+20,20
Warrior (SLW),+2,8d8+16,20
Warrior Commander (MM'25),+9,19d8+76,18
Warrior Infantry (MM'25),+0,2d8,13
Warrior of Madarua (QftIS),+3,2d8+2,12
Warrior Veteran (MM'25),+1,10d8+20,17
Wasteland Dragonnel (DSotDQ),+3,10d10+10,13
Wastrilith (MPMM),+4,15d10+75,18
Wastrilith (MTF),+4,15d10+75,18
Water Elemental (MM'14),+2,12d10+48,14
Water Elemental (MM'25),+2,12d10+48,14
Water Elemental Myrmidon (MPMM),+2,17d8+51,18
Water Elemental Myrmidon (MTF),+2,17d8+51,18
Water Weird (MM'14),+3,9d10+9,13
Water Weird (MM'25),+3,10d10+10,13
Waxwork (RHW),+1,7d8+21,14
Weasel (MM'14),+3,1d4-1,13
Weasel (MM'25),+3,1d4-1,13
Werebat (WDMM),+3,7d6,13
Werebear (MM'14),+3,18d8+54,10 or 11
Werebear (MM'25),+0,18d8+54,15
Wereboar (MM'14),+0,12d8+24,10 or 11
Wereboar (MM'25),+2,15d8+30,15
Werejaguar (TftYP),+2,16d8+48,12
Wererat (MM'14),+2,6d8+6,12
Wererat (MM'25),+3,11d8+11,13
Wereraven (RHW),+2,12d8,12
Wereraven (VRGR),+2,7d8,12
Weretiger (MM'14),+2,16d8+48,12
Weretiger (MM'25),+2,16d8+48,12
Werevulture (BMT),+2,10d8+30,12
Werewolf (MM'14),+4,9d8+18,11 or 12
Werewolf (MM'25),+2,11d8+22,15
Werewyvern (FRAiF),+5,16d8+80,16
Whirling Chandelier (VEoR),+2,14d10+28,13
Whirlwyrm (ToFW),-1,9d12+27,14
Whistler (JttRC),+3,24d10+48,15
White Abishai (MPMM),+0,8d8+32,15
White Abishai (MTF),+0,8d8+32,15
White Dragon Wyrmling (MM'14),+0,5d8+10,16
White Dragon Wyrmling (MM'25),+2,5d8+10,16
White Greatwyrm (FTD),+2,26d20+260,22
White Guard Drake (VGM),+0,7d8+21,14
Wight (MM'14),+2,6d8+18,14
Wight (MM'25),+4,11d8+33,14
Wight Lifedrinker (HotB),+4,11d8+33,14
Wild Dog (ToA),+2,1d6,12
Wildfire Spirit (TCE),+2,(manual),13
Wilfred Godefroy (RHW),+2,16d8,12
Will-o'-Wells (WBtW),+9,9d4,19
Will-o'-Wisp (MM'14),+9,9d4,19
Will-o'-Wisp (MM'25),+9,11d4,19
Wine Weird (ToA),+3,9d10+9,13
Winged Bull (MOT),+2,10d10+40,12
Winged Kobold (MM'14),+3,3d6-3,13
Winged Kobold (MM'25),+3,4d6-4,15
Winged Lion (MOT),+3,12d10+48,13
Winged Thrull (GGR),+2,7d6+7,12
Winter Eladrin (MPMM),+3,22d8+66,19
Winter Eladrin (MTF),+0,17d8+51,19
Winter Wolf (MM'14),+1,10d10+20,13
Winter Wolf (MM'25),+1,10d10+20,13
Witchlight Hand (Medium) (WBtW),+2,2d8,12
Witchlight Hand (Small) (WBtW),+2,2d6,12
Witherbloom Apprentice (SCC),+2,8d8+8,13
Witherbloom Pledgemage (SCC),+2,12d8+12,12 or 15
Witherbloom Professor of Decay (SCC),+2,14d8+42,14
Witherbloom Professor of Growth (SCC),+1,15d8+45,13
Woe Strider (MOT),+2,13d10+39,17
Wolf (MM'14),+2,2d8+2,13
Wolf (MM'25),+2,2d8+2,12
Wolf-in-Sheep's-Clothing (QftIS),-1,15d8+45,16
Wood Elf (SKT),+2,3d8+3,13
Wood Elf Wizard (CM),+2,10d8,12 or 15
Wood Woad (MPMM),+1,10d8+30,18
Wood Woad (VGM),+1,10d8+30,18
Wooden Donkey (WDMM),+0,2d8+2,10
Worg (MM'14),+1,4d10+4,13
Worg (MM'25),+1,4d10+4,13
Worker Robot (QftIS),-1,10d8+30,13
Wraith (MM'14),+3,9d8+27,13
Wraith (MM'25),+3,9d8+27,13
Wretched Sorrowsworn (MPMM),+1,4d6-4,15
Wurm (GGR),+0,16d12+96,18
Wynling (JttRC),+5,6d4+6,15
Wyvern (MM'14),+0,13d10+39,13
Wyvern (MM'25),+0,15d10+45,14
Xorn (MM'14),+0,7d8+42,19
Xorn (MM'25),+0,8d8+48,19
Xvart (MPMM),+2,2d6,13
Xvart (VGM),+2,2d6,13
Xvart Speaker (VGM),+2,2d6,13
Xvart Warlock of Raxivort (MPMM),+2,5d6+5,12
Xvart Warlock of Raxivort (VGM),+2,5d6+5,12 or 15
Yagnoloth (MPMM),+2,14d10+70,17
Yagnoloth (MTF),+2,14d10+70,17
Yak (SKT),+0,2d10+2,10
Yakfolk Priest (SKT),+0,7d10+14,12
Yakfolk Warrior (SKT),+0,8d10+16,11
Yeenoghu (MPMM),+3,23d12+184,20
Yeenoghu (MTF),+3,23d12+184,20
Yellow Musk Creeper (ToA),-3,11d8+11,6
Yellow Musk Zombie (ToA),-1,6d8+6,9
Yeth Hound (MPMM),+3,6d10+18,14
Yeth Hound (VGM),+3,6d10+18,14
Yeti (MM'14),+1,6d10+18,12
Yeti (MM'25),+1,6d10+18,12
Yeti Leader (TftYP),+1,6d10+18,12
Yeti Tyke (IDRotF),+0,2d6+2,11
Yithian (RHW),+5,19d10+76,14
Yochlol (MM'14),+2,16d8+64,15
Yochlol (MM'25),+8,18d8+72,15
Young Amethyst Dragon (FTD),+1,16d10+80,18
Young Basilisk (OotA),-1,4d6+8,13
Young Black Dragon (MM'14),+2,15d10+45,18
Young Black Dragon (MM'25),+5,15d10+45,18
Young Blue Dragon (MM'14),+0,16d10+64,18
Young Blue Dragon (MM'25),+4,16d10+64,18
Young Brass Dragon (MM'14),+0,13d10+39,17
Young Brass Dragon (MM'25),+3,13d10+39,17
Young Bronze Dragon (MM'14),+0,15d10+60,18
Young Bronze Dragon (MM'25),+3,15d10+60,17
Young Bulette (PotA),-1,6d10+12,11
Young Cloud Giant (SKT),-1,10d12+40,13
Young Copper Dragon (MM'14),+1,14d10+42,17
Young Copper Dragon (MM'25),+4,14d10+42,17
Young Crystal Dragon (FTD),+1,10d10+40,15
Young Deep Dragon (FRAiF),+1,11d10+33,16
Young Deep Dragon (FTD),+4,11d10+33,16
Young Dragon Turtle (FTD),+0,17d12+68,19
Young Emerald Dragon (FTD),+1,15d10+60,17
Young Fire Giant (TftYP),-1,7d10+21,11
Young Frost Giant (TftYP),-1,7d10+21,11
Young Gold Dragon (MM'14),+2,17d10+85,18
Young Gold Dragon (MM'25),+6,17d10+85,18
Young Green Dragon (MM'14),+1,16d10+48,18
Young Green Dragon (MM'25),+4,16d10+48,18
Young Griffon (Medium) (IDRotF),+2,5d6+15,12
Young Griffon (Small) (IDRotF),+2,2d6+6,12
Young Griffon (Tiny) (IDRotF),+2,1d4+3,12
Young Hill Giant (TftYP),+1,2d8+6,13
Young Hook Horror (OotA),+0,2d6+4,11
Young Horizonback Tortoise (CRCotN),+0,8d12+16,15
Young Kruthik (MPMM),+3,2d6+2,16
Young Kruthik (MTF),+3,2d6+2,16
Young Lunar Dragon (BAM),+1,13d10+52,16
Young Moonstone Dragon (FTD),+3,17d10+51,18
Young Ogre Servant (TftYP),+1,2d8+6,13
Young Purple Worm (PotA),-1,15d20+90,18
Young Red Dragon (MM'14),+0,17d10+85,18
Young Red Dragon (MM'25),+4,17d10+85,18
Young Red Shadow Dragon (MM'14),+0,17d10+85,18
Young Remorhaz (MM'14),+1,11d10+33,14
Young Remorhaz (MM'25),+1,11d10+33,14
Young Sapphire Dragon (FTD),+2,15d10+75,17
Young Sea Serpent (FTD),+1,13d12+39,16
Young Silver Dragon (MM'14),+0,16d10+80,18
Young Silver Dragon (MM'25),+4,16d10+80,18
Young Solar Dragon (BAM),+2,17d10+85,16
Young Spirit Dragon (FRAiF),+4,16d10+64,17
Young Time Dragon (MPP),+1,20d10+100,18
Young Topaz Dragon (FTD),+1,17d10+34,17
Young Troglodyte (TftYP),+2,2d6-2,12
Young Wereraven (CoS),+2,2d6,12
Young White Dragon (MM'14),+0,14d10+56,17
Young White Dragon (MM'25),+3,13d10+52,17
Young Winter Wolf (TftYP),+2,5d10+10,14
Yuan-ti Abomination (MM'14),+3,15d10+45,15
Yuan-ti Abomination (MM'25),+6,15d10+45,15
Yuan-ti Anathema (MPMM),+1,18d12+72,16
Yuan-ti Anathema (VGM),+1,18d12+72,16
Yuan-ti Broodguard (MPMM),+2,7d8+14,14
Yuan-ti Broodguard (VGM),+2,7d8+14,14
Yuan-ti Infiltrator (MM'25),+1,9d8,11
Yuan-ti Malison (Type 1) (MM'14),+2,12d8+12,12
Yuan-ti Malison (Type 1) (MM'25),+2,12d8+12,12
Yuan-ti Malison (Type 2) (MM'14),+2,12d8+12,12
Yuan-ti Malison (Type 2) (MM'25),+2,12d8+12,12
Yuan-ti Malison (Type 3) (MM'14),+2,12d8+12,12
Yuan-ti Malison (Type 3) (MM'25),+2,12d8+12,12
Yuan-ti Malison (Type 4) (VGM),+2,12d8+12,12
Yuan-ti Malison (Type 5) (VGM),+2,12d8+12,12
Yuan-ti Mind Whisperer (MPMM),+2,13d8+13,14
Yuan-ti Mind Whisperer (VGM),+2,13d8+13,14
Yuan-ti Nightmare Speaker (MPMM),+2,13d8+13,14
Yuan-ti Nightmare Speaker (VGM),+2,13d8+13,14
Yuan-ti Pit Master (MPMM),+2,16d8+16,14
Yuan-ti Pit Master (VGM),+2,16d8+16,14
Yuan-ti Priest (ToA),+2,12d8+12,12
Yuan-ti Pureblood (MM'14),+1,9d8,11
Zakya Rakshasa (ERLW),+2,7d8+28,18
Zaratan (MPMM),+0,15d20+150,21
Zaratan (MTF),+0,15d20+150,21
Zariel (MPMM),+7,29d10+261,21
Zariel (MTF),+7,40d10+360,21
Zebra (ToA),+0,2d10+2,10
Zegana (GGR),+2,20d8+40,16
Zhent Martial Arts Adept (WDH),+3,11d6+11,16
Zhentarim Thug (OotA),+0,5d8+10,11
Zhentilar Paladin of Bane (FRAiF),+0,9d8+18,18
Zhentilar Soldier (FRAiF),+2,4d8+4,13
Zodar (BAM),+0,16d8+128,20
Zombie (MM'14),-2,3d8+9,8
Zombie (MM'25),-2,2d8+6,8
Zombie Clot (RHW),+0,11d12+33,12
Zombie Clot (VRGR),+0,11d12+33,12
Zombie Plague Spreader (RHW),+0,12d8+24,10
Zombie Plague Spreader (VRGR),+0,12d8+24,10
Zorbo (ToA),+0,6d6+6,10
Zuggtmoy (MPMM),+2,32d10+128,18
Zuggtmoy (MTF),+2,32d10+128,18
